0	-2.43287015
0	-2.169664383
0	-2.010682821
0	-1.885718465
0	-1.782296777
0	-1.69301486
0	-1.655873775
0	-1.614990711
0	-1.545840263
0	-1.485743761
0	-1.423425436
0	-1.371881008
0	-1.323691487
0	-1.28009963
0	-1.236485839
0	-1.194418788
0	-1.154727578
0	-1.114234567
0	-1.078490615
0	-1.041726112
0	-1.009917378
0	-0.9777956009
0	-0.9468747377
0	-0.9150190353
0	-0.8871790767
0	-0.8575388789
0	-0.8314372301
0	-0.8029834032
0	-0.7774761915
0	-0.7508779764
0	-0.7253611088
0	-0.6979736686
0	-0.6736057997
0	-0.650613308
0	-0.625936985
0	-0.603040874
0	-0.5795069933
0	-0.5574220419
0	-0.5357575417
0	-0.5140143037
0	-0.4913243055
0	-0.4701573849
0	-0.4483320713
0	-0.4276497662
0	-0.4063735604
0	-0.3834536076
0	-0.3633779287
0	-0.3424008787
0	-0.3219279051
0	-0.3037753403
0	-0.2831631303
0	-0.2632082105
0	-0.2418245226
0	-0.2210031301
0	-0.2005894929
0	-0.180619508
0	-0.1602435708
0	-0.1428484917
0	-0.1229553372
0	-0.1032690555
0	-0.0817066282
0	-0.06216911227
0	-0.04398385063
0	-0.02509088814
0	-0.005252559669
0	0.01416940056
0	0.03439090773
0	0.05350586027
0	0.0734423548
0	0.09293167293
0	0.1137601435
0	0.1342540085
0	0.1546516865
0	0.1749989986
0	0.1949751973
0	0.2155359089
0	0.2346992046
0	0.2553809583
0	0.275886327
0	0.2968440056
0	0.3180091977
0	0.3387305737
0	0.3589351177
0	0.3795585036
0	0.4011664093
0	0.4244452715
0	0.4472931623
0	0.4678903222
0	0.4887244999
0	0.5109906197
0	0.5346613526
0	0.5569948554
0	0.5799263716
0	0.6033092737
0	0.6269385219
0	0.6511108875
0	0.6743789911
0	0.7003946304
0	0.7249996662
0	0.7501366138
0	0.7760653496
0	0.8030820489
0	0.8313537836
0	0.8585205078
0	0.8877930641
0	0.9167541862
0	0.9473788738
0	0.9778375626
0	1.008489847
0	1.04272604
0	1.076956034
0	1.1112535
0	1.1475811
0	1.187697411
0	1.225971341
0	1.264441013
0	1.306274652
0	1.354147196
0	1.404931307
0	1.462296963
0	1.520849466
0	1.5881598
0	1.666226387
0	1.749965668
0	1.843764544
0	1.967662334
0	2.139131546
0	2.410520077
1	-2.406542301
1	-2.169234276
1	-1.987333775
1	-1.857642293
1	-1.758156896
1	-1.675162792
1	-1.637857437
1	-1.602293491
1	-1.532665491
1	-1.469375372
1	-1.416033983
1	-1.367427588
1	-1.319806099
1	-1.274321079
1	-1.23291254
1	-1.192080259
1	-1.152010083
1	-1.114890933
1	-1.08190012
1	-1.046092629
1	-1.012977362
1	-0.9784903526
1	-0.947073102
1	-0.9159069061
1	-0.8869713545
1	-0.8560512066
1	-0.8263550997
1	-0.8009526134
1	-0.7770670056
1	-0.7500363588
1	-0.7260536551
1	-0.7019817233
1	-0.6788983345
1	-0.6557248831
1	-0.6292260885
1	-0.6058849096
1	-0.5823437572
1	-0.5591754913
1	-0.5356362462
1	-0.5139551163
1	-0.4905426502
1	-0.4684875607
1	-0.4469038248
1	-0.4249696434
1	-0.4021033943
1	-0.3814217746
1	-0.3589069545
1	-0.3385345936
1	-0.3181346059
1	-0.2981248498
1	-0.2766696513
1	-0.2577915788
1	-0.2374144495
1	-0.2165724635
1	-0.1949249506
1	-0.1730255187
1	-0.1535357535
1	-0.1338632107
1	-0.1136631966
1	-0.09240887314
1	-0.07308346033
1	-0.05224527419
1	-0.03061350062
1	-0.01113620214
1	0.007421797141
1	0.02828448638
1	0.04655499756
1	0.06691592932
1	0.08466526866
1	0.1051984131
1	0.1261582673
1	0.1463101208
1	0.1656939387
1	0.1865658164
1	0.2081342041
1	0.2271985263
1	0.246481806
1	0.2677244544
1	0.2881058753
1	0.3080618382
1	0.3287896514
1	0.3493645191
1	0.3678895235
1	0.3890603185
1	0.4130172133
1	0.4346062541
1	0.4557709396
1	0.4765518904
1	0.499317199
1	0.5227124095
1	0.5436474681
1	0.5676084757
1	0.5918810368
1	0.6146268845
1	0.6377470493
1	0.6612673998
1	0.684068799
1	0.7087594271
1	0.7354009151
1	0.7621181011
1	0.7885501981
1	0.8154424429
1	0.8441497087
1	0.8719797134
1	0.9008265734
1	0.9312079549
1	0.9630500078
1	0.9927332401
1	1.026560664
1	1.058371067
1	1.090641499
1	1.124821782
1	1.161064386
1	1.200509429
1	1.243586183
1	1.283385277
1	1.330826998
1	1.378762603
1	1.423291564
1	1.472327471
1	1.53458941
1	1.60611105
1	1.687173128
1	1.765461445
1	1.870759726
1	2.001406193
1	2.161743164
1	2.448230743
2	-2.432277203
2	-2.153175354
2	-1.996483564
2	-1.877934337
2	-1.774551749
2	-1.692243338
2	-1.651707053
2	-1.613863707
2	-1.544773817
2	-1.477610469
2	-1.415958762
2	-1.363884926
2	-1.318115354
2	-1.271091461
2	-1.227685213
2	-1.18653512
2	-1.146622419
2	-1.108089685
2	-1.069957972
2	-1.035856962
2	-1.00509882
2	-0.9740265608
2	-0.9420502186
2	-0.9088754654
2	-0.8798775673
2	-0.8530505896
2	-0.8270045519
2	-0.8025638461
2	-0.7750663757
2	-0.7487853169
2	-0.724406004
2	-0.7002667189
2	-0.6738857031
2	-0.6502347589
2	-0.6267418861
2	-0.6013344526
2	-0.5778887868
2	-0.5543524027
2	-0.5326014757
2	-0.51124686
2	-0.4883367419
2	-0.4665723145
2	-0.4465286732
2	-0.4255698919
2	-0.4039155245
2	-0.383264184
2	-0.3609763384
2	-0.339653343
2	-0.317951113
2	-0.2973615527
2	-0.2782381773
2	-0.257378757
2	-0.2367915213
2	-0.2164997905
2	-0.196388796
2	-0.1783510447
2	-0.1582850814
2	-0.137819916
2	-0.1179738343
2	-0.09846539795
2	-0.07961495221
2	-0.05938279629
2	-0.04006928951
2	-0.02132641897
2	-0.001925125369
2	0.01759071276
2	0.03617524356
2	0.05651624501
2	0.07641993463
2	0.09446375817
2	0.1142247319
2	0.1337591261
2	0.1545271426
2	0.1754730344
2	0.1942700744
2	0.2134636343
2	0.2323052436
2	0.2525110841
2	0.2734524608
2	0.2930070758
2	0.3155881166
2	0.3356480002
2	0.3572648764
2	0.3787657022
2	0.3986409307
2	0.4184725285
2	0.4390057921
2	0.4603985846
2	0.4818339944
2	0.5055507421
2	0.5258154869
2	0.5487104058
2	0.5707905293
2	0.5952757001
2	0.6180425286
2	0.6417304277
2	0.6633954048
2	0.6902109981
2	0.7150168419
2	0.7389301062
2	0.7648900747
2	0.790710628
2	0.8190062642
2	0.8475717306
2	0.8727246523
2	0.8988333941
2	0.9287305474
2	0.9602198601
2	0.9952275753
2	1.027140141
2	1.060884833
2	1.095831513
2	1.133132696
2	1.171301603
2	1.210767627
2	1.255515099
2	1.302578211
2	1.352761507
2	1.404744387
2	1.459024191
2	1.519577026
2	1.585331798
2	1.662956119
2	1.745465994
2	1.843922853
2	1.96119833
2	2.13725853
2	2.403452396
3	-2.429046631
3	-2.152394295
3	-1.990809798
3	-1.870815754
3	-1.772531867
3	-1.685496569
3	-1.645148993
3	-1.607129335
3	-1.538593888
3	-1.48342061
3	-1.424169064
3	-1.372087002
3	-1.322769046
3	-1.275074005
3	-1.230303764
3	-1.190710545
3	-1.152746081
3	-1.116215467
3	-1.081647515
3	-1.042487025
3	-1.009687066
3	-0.9762629271
3	-0.943126142
3	-0.9128258228
3	-0.8823907375
3	-0.854393065
3	-0.8256813288
3	-0.7981817126
3	-0.7732503414
3	-0.7478724122
3	-0.7211033106
3	-0.6955920458
3	-0.6710094213
3	-0.6455276012
3	-0.6223205328
3	-0.599347353
3	-0.5751649141
3	-0.5538263321
3	-0.5305367708
3	-0.509649992
3	-0.4864634275
3	-0.4654504657
3	-0.443844974
3	-0.4214473963
3	-0.4010983109
3	-0.3782893419
3	-0.3566168547
3	-0.336093843
3	-0.3131512702
3	-0.2926297188
3	-0.2730808854
3	-0.2526390254
3	-0.2333134562
3	-0.2124388069
3	-0.1930815876
3	-0.1743246019
3	-0.1545202434
3	-0.1356171966
3	-0.1141580343
3	-0.0929967463
3	-0.073822245
3	-0.05366741121
3	-0.03422365338
3	-0.0150835244
3	0.003573074471
3	0.02184105106
3	0.04075616971
3	0.06134407967
3	0.08073755354
3	0.1016908512
3	0.1229584217
3	0.1432255507
3	0.1631247401
3	0.182883054
3	0.2046360373
3	0.224534288
3	0.2432664037
3	0.2640359104
3	0.2839278281
3	0.3035165668
3	0.3237968683
3	0.3434257507
3	0.3640770912
3	0.3821364939
3	0.4046064615
3	0.4260669053
3	0.4499460161
3	0.4715735912
3	0.4938884974
3	0.5154569149
3	0.5385026932
3	0.5607777834
3	0.5826562643
3	0.6058333516
3	0.6276949644
3	0.6513611674
3	0.6760786772
3	0.6997252703
3	0.7235833406
3	0.7506039143
3	0.7769325972
3	0.8047544956
3	0.8296364546
3	0.8586279154
3	0.8889443278
3	0.9200571775
3	0.9502550364
3	0.9809500575
3	1.015931368
3	1.049434543
3	1.082367182
3	1.118613243
3	1.154998302
3	1.194117665
3	1.236640692
3	1.283103108
3	1.33090353
3	1.378590703
3	1.426796913
3	1.481804848
3	1.541157007
3	1.609426498
3	1.683512926
3	1.773611188
3	1.865911961
3	1.989981174
3	2.159480572
3	2.41856575
4	-2.419868469
4	-2.153855324
4	-1.995077729
4	-1.86275816
4	-1.765617013
4	-1.683211088
4	-1.645280242
4	-1.606078386
4	-1.540626526
4	-1.480262995
4	-1.427424431
4	-1.377339363
4	-1.329066992
4	-1.280601025
4	-1.235833168
4	-1.198173761
4	-1.161362648
4	-1.124382973
4	-1.087124825
4	-1.054099083
4	-1.020131588
4	-0.9873249531
4	-0.952529788
4	-0.9244191647
4	-0.8930897713
4	-0.8644787669
4	-0.8344736099
4	-0.8075286746
4	-0.7818719149
4	-0.7564642429
4	-0.7297663093
4	-0.7056760788
4	-0.6830886602
4	-0.6597259641
4	-0.6364671588
4	-0.6124594212
4	-0.5868698359
4	-0.5638096333
4	-0.5431209803
4	-0.521017611
4	-0.498626709
4	-0.4748849869
4	-0.4531621337
4	-0.4315199852
4	-0.4113945365
4	-0.3909638524
4	-0.3701809943
4	-0.35181427
4	-0.332025528
4	-0.3115342259
4	-0.2914367616
4	-0.2708708644
4	-0.2512713075
4	-0.2310325503
4	-0.2122719735
4	-0.1930060983
4	-0.1726600528
4	-0.1541137248
4	-0.1350447536
4	-0.1140549257
4	-0.09462745488
4	-0.07446366549
4	-0.0554719381
4	-0.03512985259
4	-0.0162078701
4	0.002420847304
4	0.02272722684
4	0.04288249835
4	0.06101268157
4	0.08083759248
4	0.1000498161
4	0.1201718599
4	0.1403546333
4	0.1584631801
4	0.1788374931
4	0.197629869
4	0.2175495625
4	0.2373387814
4	0.2582648396
4	0.2792108953
4	0.2999966741
4	0.3214698732
4	0.3427519798
4	0.364058733
4	0.3849847913
4	0.4078926444
4	0.4316219091
4	0.4527491927
4	0.4735171795
4	0.4948168397
4	0.5160677433
4	0.5389635563
4	0.5621277094
4	0.5878633261
4	0.6107491851
4	0.6360644102
4	0.6606087685
4	0.6867029667
4	0.7113648057
4	0.7367405891
4	0.7626336217
4	0.7884550095
4	0.8178222179
4	0.8456923962
4	0.8742488623
4	0.9036717415
4	0.9341275692
4	0.9672247171
4	0.9987800121
4	1.030995011
4	1.063661337
4	1.101773858
4	1.140289783
4	1.180819988
4	1.221328378
4	1.265862226
4	1.310029149
4	1.357405305
4	1.409209251
4	1.465243101
4	1.52192378
4	1.59342885
4	1.667236567
4	1.757208347
4	1.853127599
4	1.972814083
4	2.141104221
4	2.396717072
5	-2.431774139
5	-2.147923946
5	-1.976993799
5	-1.852604628
5	-1.750879169
5	-1.668837309
5	-1.631324291
5	-1.598500967
5	-1.52757144
5	-1.468843699
5	-1.412177801
5	-1.362010002
5	-1.311235547
5	-1.265051842
5	-1.223032236
5	-1.18316102
5	-1.143821239
5	-1.106989384
5	-1.071804762
5	-1.037121654
5	-1.003946185
5	-0.9718791246
5	-0.9411870837
5	-0.9109774828
5	-0.8852791786
5	-0.8590895534
5	-0.8291900158
5	-0.8010283709
5	-0.7757163048
5	-0.7506836653
5	-0.7226361036
5	-0.6986486912
5	-0.672968626
5	-0.648862958
5	-0.6271355152
5	-0.6019153595
5	-0.5775513649
5	-0.553286612
5	-0.5313198566
5	-0.5098408461
5	-0.4870625138
5	-0.4643572867
5	-0.4413871765
5	-0.4200419188
5	-0.399541229
5	-0.3777515292
5	-0.3576378226
5	-0.3354206681
5	-0.3128601909
5	-0.2914428413
5	-0.270765841
5	-0.2513976097
5	-0.2307511866
5	-0.2102179825
5	-0.1889803112
5	-0.1692251265
5	-0.1490217149
5	-0.1290491968
5	-0.1096326858
5	-0.09128350019
5	-0.06994439662
5	-0.05205528066
5	-0.03332576528
5	-0.01496940292
5	0.004701192491
5	0.02430309355
5	0.04222072288
5	0.06232653558
5	0.08083724976
5	0.09969423711
5	0.1186886132
5	0.1393399835
5	0.1608931422
5	0.1814703345
5	0.2010241747
5	0.2224870622
5	0.2433583587
5	0.2635984421
5	0.2834384143
5	0.3050464392
5	0.3269305229
5	0.3469206989
5	0.367449224
5	0.3888952732
5	0.4094441533
5	0.4323149323
5	0.4561076462
5	0.4769809246
5	0.4978239834
5	0.5181443691
5	0.5413786173
5	0.5624315739
5	0.5864933729
5	0.6090775728
5	0.6328113675
5	0.6573371887
5	0.6832674146
5	0.7093470097
5	0.7342882752
5	0.7582682371
5	0.7861083746
5	0.8128092289
5	0.8422482014
5	0.8710147142
5	0.8988982439
5	0.9258310795
5	0.9559422731
5	0.9859039783
5	1.021535993
5	1.052850246
5	1.088841319
5	1.122434139
5	1.158277988
5	1.195378304
5	1.234611273
5	1.276786566
5	1.320189118
5	1.367254972
5	1.421277165
5	1.480127335
5	1.537569404
5	1.603800058
5	1.681868315
5	1.761995435
5	1.858409405
5	1.977288246
5	2.140683651
5	2.396299839
6	-2.392405033
6	-2.135667086
6	-1.957118988
6	-1.835870028
6	-1.739887714
6	-1.657766581
6	-1.623980522
6	-1.58860898
6	-1.523102283
6	-1.466092348
6	-1.411867857
6	-1.360159397
6	-1.315991998
6	-1.272609472
6	-1.227649808
6	-1.18308115
6	-1.143624067
6	-1.107430935
6	-1.072277069
6	-1.038689613
6	-1.004921436
6	-0.9725891352
6	-0.9408185482
6	-0.9113141298
6	-0.8823129535
6	-0.8533353806
6	-0.8238860369
6	-0.7966362238
6	-0.7715899348
6	-0.7462531328
6	-0.7209712267
6	-0.6953288317
6	-0.6695533395
6	-0.6430879831
6	-0.6192685366
6	-0.5959848166
6	-0.5735676289
6	-0.5500959158
6	-0.5288370848
6	-0.505177319
6	-0.4815047383
6	-0.4598658681
6	-0.4388191104
6	-0.4183706939
6	-0.3983884752
6	-0.3796032965
6	-0.3589337468
6	-0.3386083245
6	-0.319393903
6	-0.2976197302
6	-0.2774498463
6	-0.2583835125
6	-0.2378556728
6	-0.2164112031
6	-0.1959231496
6	-0.1752437353
6	-0.1563168615
6	-0.1347883046
6	-0.1144145131
6	-0.09525181353
6	-0.07404486835
6	-0.05608065426
6	-0.03587824106
6	-0.01565146819
6	0.004015898798
6	0.02250049263
6	0.04259399325
6	0.06292445958
6	0.08305497468
6	0.10172683
6	0.1206255108
6	0.1412896812
6	0.1602879763
6	0.1814671457
6	0.2008773088
6	0.2217563838
6	0.2414650768
6	0.262026757
6	0.2836014032
6	0.3021629155
6	0.3236460388
6	0.3434997797
6	0.3638253808
6	0.3843915462
6	0.4062287211
6	0.4274534583
6	0.449442625
6	0.4710398912
6	0.4928644896
6	0.5153737068
6	0.5398669243
6	0.5629095435
6	0.5852526426
6	0.6095750332
6	0.6349723339
6	0.6604502797
6	0.6856485605
6	0.7106480598
6	0.7347033024
6	0.7586219907
6	0.7851040363
6	0.8138780594
6	0.8402981758
6	0.8688149452
6	0.8984223604
6	0.9280768037
6	0.9588947296
6	0.9881954193
6	1.020597696
6	1.050771236
6	1.081386328
6	1.11746645
6	1.151365876
6	1.189780235
6	1.227400303
6	1.271509767
6	1.313425303
6	1.364217758
6	1.414136171
6	1.468689203
6	1.528590798
6	1.597171307
6	1.67111516
6	1.761089563
6	1.855890036
6	1.972977519
6	2.148396969
6	2.408696651
7	-2.41336298
7	-2.155834675
7	-1.989602327
7	-1.860666037
7	-1.765223026
7	-1.681507587
7	-1.648516178
7	-1.609982967
7	-1.54090786
7	-1.478334427
7	-1.419273853
7	-1.365998864
7	-1.315305948
7	-1.270133972
7	-1.227487564
7	-1.18836987
7	-1.147099018
7	-1.109949231
7	-1.071982622
7	-1.039021134
7	-1.007112741
7	-0.9711581469
7	-0.9389271736
7	-0.9094611406
7	-0.8788994551
7	-0.8505587578
7	-0.8236377835
7	-0.7963523865
7	-0.7703267336
7	-0.7445960045
7	-0.7170981169
7	-0.6917461157
7	-0.6654657125
7	-0.6417878866
7	-0.6186290383
7	-0.5936396718
7	-0.5702896118
7	-0.5488455296
7	-0.5280814171
7	-0.5054169893
7	-0.4843015969
7	-0.4636914134
7	-0.4437990785
7	-0.4222108722
7	-0.4025366902
7	-0.3814465106
7	-0.3598108292
7	-0.3388506472
7	-0.3203943968
7	-0.2987009585
7	-0.2783022225
7	-0.2555504441
7	-0.2357942164
7	-0.2160074711
7	-0.1965307891
7	-0.1769826412
7	-0.1564111412
7	-0.1362143308
7	-0.1150065586
7	-0.09461377561
7	-0.07461582124
7	-0.0558982417
7	-0.0356194675
7	-0.0164398402
7	0.003198434599
7	0.02132155001
7	0.04312794283
7	0.0630210042
7	0.08232776076
7	0.1022169665
7	0.1225884408
7	0.1417149901
7	0.1630350947
7	0.1827336997
7	0.2028535157
7	0.2233381867
7	0.2440724075
7	0.2639233768
7	0.2833942175
7	0.3027543128
7	0.3255891204
7	0.3462295234
7	0.3661085665
7	0.3861250877
7	0.4064466953
7	0.4279049337
7	0.4493157864
7	0.4706735015
7	0.4921349287
7	0.5132130384
7	0.5360862017
7	0.5589821339
7	0.5813709497
7	0.6066545248
7	0.629676342
7	0.65465343
7	0.6774411201
7	0.702168107
7	0.7265400887
7	0.7521550655
7	0.777109921
7	0.8007517457
7	0.8277156353
7	0.8558975458
7	0.8833665848
7	0.9109176993
7	0.9437749386
7	0.9744695425
7	1.006895781
7	1.037122011
7	1.068668246
7	1.104646206
7	1.142153025
7	1.184444666
7	1.226235628
7	1.269293547
7	1.312625527
7	1.35931778
7	1.405764103
7	1.466951728
7	1.527073383
7	1.594655037
7	1.666283846
7	1.753592134
7	1.854029894
7	1.982427478
7	2.140750885
7	2.434066057
8	-2.438429832
8	-2.161465645
8	-1.975112677
8	-1.847669959
8	-1.747773767
8	-1.668251753
8	-1.631257892
8	-1.594960928
8	-1.526868582
8	-1.469385862
8	-1.415607452
8	-1.363200665
8	-1.313298464
8	-1.271637559
8	-1.226052284
8	-1.1820364
8	-1.142671824
8	-1.106230974
8	-1.068734169
8	-1.035623074
8	-1.001240015
8	-0.9689136744
8	-0.9372270107
8	-0.9055466652
8	-0.8764834404
8	-0.8477127552
8	-0.8194468021
8	-0.7930250764
8	-0.7679442167
8	-0.7415727377
8	-0.7180511951
8	-0.6930516362
8	-0.6667230129
8	-0.6436966658
8	-0.6186555624
8	-0.5939971209
8	-0.5705710053
8	-0.5479518175
8	-0.5252559185
8	-0.5031474829
8	-0.4804246426
8	-0.4598299861
8	-0.4366700947
8	-0.4163792133
8	-0.395568043
8	-0.3760083914
8	-0.3551666737
8	-0.3342457712
8	-0.3148510456
8	-0.2955642045
8	-0.2748861909
8	-0.2543068528
8	-0.2332309633
8	-0.2125284076
8	-0.1936710179
8	-0.1734280735
8	-0.1525344253
8	-0.1336001009
8	-0.1143793836
8	-0.09661000967
8	-0.07779183239
8	-0.05756995454
8	-0.03844941407
8	-0.01897562854
8	-0.001195362769
8	0.01961196214
8	0.0383952558
8	0.05690992624
8	0.07761794329
8	0.09621943533
8	0.1151773483
8	0.1352597177
8	0.1567578912
8	0.1769624352
8	0.1952263713
8	0.2158731818
8	0.2372915894
8	0.2565154731
8	0.2769839168
8	0.2978179455
8	0.3188588619
8	0.3377014399
8	0.3579367101
8	0.3792338967
8	0.4004820585
8	0.4221649766
8	0.4431166947
8	0.4652470648
8	0.48979038
8	0.5147980452
8	0.5380629301
8	0.5611181259
8	0.5832807422
8	0.605723381
8	0.6301558018
8	0.6532943249
8	0.6776840687
8	0.7020153999
8	0.7281423807
8	0.7552835345
8	0.7817678452
8	0.8063101768
8	0.8350452781
8	0.8635895848
8	0.8938059211
8	0.9226144552
8	0.9509518743
8	0.983468771
8	1.012771487
8	1.045955181
8	1.08068049
8	1.116242886
8	1.15652442
8	1.197033286
8	1.238991976
8	1.280860901
8	1.324655771
8	1.378380299
8	1.433339
8	1.488720417
8	1.546249509
8	1.612207532
8	1.691325903
8	1.772768259
8	1.872408628
8	1.996964931
8	2.154641151
8	2.431521893
9	-2.447538853
9	-2.159860134
9	-1.992097855
9	-1.865956664
9	-1.766165853
9	-1.682677865
9	-1.641958952
9	-1.605244875
9	-1.53897965
9	-1.47880578
9	-1.422885418
9	-1.369896412
9	-1.321617126
9	-1.278084517
9	-1.234019041
9	-1.193395019
9	-1.154441357
9	-1.118557453
9	-1.083021998
9	-1.050536633
9	-1.016049385
9	-0.9846194983
9	-0.9541814327
9	-0.9229204655
9	-0.8957340717
9	-0.8676533699
9	-0.8394582272
9	-0.8103587627
9	-0.7830207348
9	-0.7562552691
9	-0.7302254438
9	-0.7061569691
9	-0.6822934151
9	-0.6570758224
9	-0.6320744753
9	-0.6094117165
9	-0.5868444443
9	-0.5630228519
9	-0.5404501557
9	-0.5177563429
9	-0.4961480498
9	-0.4736530185
9	-0.4535695314
9	-0.4320768118
9	-0.4107924104
9	-0.3889888525
9	-0.3669190407
9	-0.3453653753
9	-0.3235507607
9	-0.3036655784
9	-0.2840487957
9	-0.2632626295
9	-0.2423189431
9	-0.221437633
9	-0.2024077922
9	-0.1797377467
9	-0.160107404
9	-0.1404846311
9	-0.1177024841
9	-0.09895861149
9	-0.07975278795
9	-0.0606122911
9	-0.04151003063
9	-0.02274056152
9	-0.00186290266
9	0.01824733615
9	0.03783985972
9	0.05811589584
9	0.07755617797
9	0.0980052352
9	0.1168069914
9	0.1363041699
9	0.1563669592
9	0.1753058732
9	0.1965166032
9	0.2155199796
9	0.2367644161
9	0.2557162046
9	0.2758343518
9	0.2973730564
9	0.3185276091
9	0.3388568163
9	0.35869506
9	0.3799138665
9	0.4019523263
9	0.4221988022
9	0.4447264075
9	0.4675581455
9	0.489774704
9	0.5118650198
9	0.5347983837
9	0.5576914549
9	0.5797717571
9	0.6051455736
9	0.6272901297
9	0.6504617333
9	0.676224947
9	0.7005237341
9	0.7273688316
9	0.7541985512
9	0.7790310979
9	0.8029167652
9	0.83141011
9	0.8602361679
9	0.8894392252
9	0.9179119468
9	0.948789537
9	0.9782091379
9	1.011012197
9	1.040139079
9	1.074444532
9	1.111053705
9	1.14896059
9	1.189872265
9	1.230175972
9	1.271776199
9	1.316975117
9	1.363613129
9	1.411500096
9	1.46249342
9	1.517215729
9	1.591673374
9	1.671519279
9	1.76371479
9	1.857432961
9	1.980323911
9	2.140404701
9	2.39292407
10	-2.442610979
10	-2.167597294
10	-1.992998123
10	-1.864588499
10	-1.7530514
10	-1.667850852
10	-1.629837632
10	-1.598757267
10	-1.533072591
10	-1.47170496
10	-1.418625116
10	-1.366854429
10	-1.319331884
10	-1.274366617
10	-1.232497931
10	-1.194624662
10	-1.156259537
10	-1.11697197
10	-1.080317974
10	-1.046175718
10	-1.011834264
10	-0.9798524976
10	-0.9473877549
10	-0.9164395332
10	-0.8852968812
10	-0.860449791
10	-0.8314805031
10	-0.8022642136
10	-0.7764083147
10	-0.7499433756
10	-0.7233806849
10	-0.6972806454
10	-0.6717121005
10	-0.64632833
10	-0.6243675947
10	-0.6005491018
10	-0.5775933862
10	-0.55641675
10	-0.5352588892
10	-0.5134087801
10	-0.4908434749
10	-0.4678369164
10	-0.4465525746
10	-0.424903661
10	-0.4036226273
10	-0.383199811
10	-0.3618015051
10	-0.3417167068
10	-0.3226758242
10	-0.301078558
10	-0.281187892
10	-0.2626473904
10	-0.2432258129
10	-0.2248704135
10	-0.2061648667
10	-0.1874212623
10	-0.1666261554
10	-0.1470795572
10	-0.1290071458
10	-0.1094174087
10	-0.08924981952
10	-0.0698889792
10	-0.04963828623
10	-0.02928778902
10	-0.008099801838
10	0.01000721939
10	0.02895274013
10	0.0489673987
10	0.06943543255
10	0.08701319993
10	0.1050707549
10	0.1251190007
10	0.1437321305
10	0.1640394479
10	0.1834608316
10	0.2045529783
10	0.2243661135
10	0.2437201142
10	0.2635979056
10	0.2844020128
10	0.3056827784
10	0.3261359036
10	0.3473840952
10	0.3690113425
10	0.3905035853
10	0.4102360308
10	0.4327235222
10	0.4539012313
10	0.4766489267
10	0.4996536672
10	0.5235566497
10	0.5460238457
10	0.5677648783
10	0.5922245979
10	0.6162263155
10	0.6400424242
10	0.6647575498
10	0.6897068024
10	0.7155269384
10	0.7416813374
10	0.7678775787
10	0.7948936224
10	0.823459506
10	0.8517842293
10	0.879475832
10	0.9076403379
10	0.9399213195
10	0.9723107815
10	1.000407219
10	1.031017065
10	1.062746286
10	1.098954678
10	1.136214614
10	1.177198648
10	1.215061426
10	1.258360863
10	1.301478267
10	1.349534273
10	1.400422215
10	1.454086781
10	1.512346983
10	1.583250761
10	1.663951635
10	1.749501228
10	1.849724889
10	1.980419636
10	2.1401999
10	2.404518127
11	-2.393504143
11	-2.161428452
11	-1.984911919
11	-1.866836905
11	-1.772629499
11	-1.687459946
11	-1.647598028
11	-1.608309031
11	-1.539167881
11	-1.476725221
11	-1.417575836
11	-1.369078517
11	-1.321258664
11	-1.274145126
11	-1.229067564
11	-1.189076543
11	-1.150805235
11	-1.113861561
11	-1.075040817
11	-1.041169763
11	-1.008910418
11	-0.9775733352
11	-0.9475516081
11	-0.9179239273
11	-0.8899254799
11	-0.8623399734
11	-0.8344483376
11	-0.8061913848
11	-0.7784093022
11	-0.7506149411
11	-0.7237384319
11	-0.6992281675
11	-0.6749682426
11	-0.6532334089
11	-0.6309489012
11	-0.6078246832
11	-0.5842715502
11	-0.5621595383
11	-0.5375789404
11	-0.5153957009
11	-0.4944511652
11	-0.4737007022
11	-0.4514651299
11	-0.4301070571
11	-0.4077637792
11	-0.3874192238
11	-0.3668069243
11	-0.3476240039
11	-0.3268818855
11	-0.3059124351
11	-0.2845316827
11	-0.2631133795
11	-0.2431227565
11	-0.2223378718
11	-0.2031992078
11	-0.1835128963
11	-0.1639627218
11	-0.1455144286
11	-0.1252236962
11	-0.1030102298
11	-0.08523161709
11	-0.06742681563
11	-0.04729708284
11	-0.02687883005
11	-0.007646201178
11	0.01210351661
11	0.03345222771
11	0.05299533159
11	0.0720250532
11	0.09124706686
11	0.1118367463
11	0.1302710474
11	0.1487723589
11	0.1702329516
11	0.1914395392
11	0.211782679
11	0.2315650582
11	0.2525604367
11	0.2736712992
11	0.2956662476
11	0.3154102266
11	0.3365951777
11	0.3589450121
11	0.3798058033
11	0.4006074071
11	0.4202321172
11	0.4427667856
11	0.4623512328
11	0.4848538339
11	0.5069159269
11	0.5272279978
11	0.5496935844
11	0.5709630251
11	0.5946464539
11	0.6186562181
11	0.6443038583
11	0.6676462889
11	0.6920262575
11	0.7171320915
11	0.7436562777
11	0.7679050565
11	0.7967416048
11	0.823867321
11	0.85364604
11	0.8825262785
11	0.9118044376
11	0.9429521561
11	0.9737294912
11	1.004852057
11	1.03967762
11	1.072180867
11	1.109932065
11	1.144507885
11	1.185109138
11	1.22920084
11	1.277061224
11	1.322115421
11	1.37313354
11	1.426368475
11	1.483543396
11	1.544309139
11	1.611575603
11	1.689219475
11	1.777538776
11	1.883680463
11	2.012280703
11	2.178786278
11	2.434655666
12	-2.394439936
12	-2.142085552
12	-1.983658791
12	-1.857284784
12	-1.760279417
12	-1.682779312
12	-1.64204216
12	-1.607792377
12	-1.541014194
12	-1.475316048
12	-1.41621232
12	-1.366723537
12	-1.314491272
12	-1.264483452
12	-1.222894669
12	-1.184978962
12	-1.143568993
12	-1.108143568
12	-1.072347164
12	-1.039953113
12	-1.005584002
12	-0.9737747908
12	-0.9429370761
12	-0.9116451144
12	-0.8837357163
12	-0.8568153381
12	-0.8297451735
12	-0.8031141162
12	-0.7761930227
12	-0.7496242523
12	-0.7234154344
12	-0.6985789537
12	-0.6725674868
12	-0.6487504244
12	-0.6273880005
12	-0.6017569304
12	-0.5763796568
12	-0.5552476645
12	-0.5308436751
12	-0.5100268126
12	-0.4882422984
12	-0.465970397
12	-0.4456037879
12	-0.4244238734
12	-0.4023116231
12	-0.3814384341
12	-0.3586478829
12	-0.3368099332
12	-0.316980958
12	-0.2970618904
12	-0.2780582607
12	-0.2573726177
12	-0.2367038131
12	-0.2143646181
12	-0.1941249371
12	-0.1748286784
12	-0.1544654667
12	-0.1344547272
12	-0.1146079972
12	-0.09689834714
12	-0.07453334332
12	-0.05425851047
12	-0.03449454904
12	-0.01395308226
12	0.005260776728
12	0.02401018143
12	0.04405583441
12	0.06330049783
12	0.08347255737
12	0.1032692045
12	0.1219943017
12	0.1424634755
12	0.1623534262
12	0.1832644939
12	0.2033308446
12	0.2237964571
12	0.2425677627
12	0.2621460557
12	0.2839635015
12	0.3049487472
12	0.3267989159
12	0.3482083678
12	0.3692837954
12	0.3894389272
12	0.4100459218
12	0.4290624857
12	0.4525322914
12	0.4746641517
12	0.4985682368
12	0.5218105316
12	0.5448051691
12	0.5685173273
12	0.5916423798
12	0.6163208485
12	0.6410495043
12	0.6658941507
12	0.6914058924
12	0.7147485018
12	0.7386810184
12	0.7653478384
12	0.7905902267
12	0.8149052858
12	0.8420369625
12	0.8660330772
12	0.8961012959
12	0.923886776
12	0.9570171237
12	0.9896134138
12	1.022959948
12	1.054923534
12	1.086220384
12	1.120419621
12	1.15840435
12	1.197162986
12	1.239887714
12	1.283073902
12	1.328544021
12	1.375974298
12	1.428957939
12	1.484313607
12	1.547169924
12	1.615744352
12	1.695226908
12	1.777070165
12	1.868125439
12	1.993541002
12	2.148562908
12	2.407752514
13	-2.419944525
13	-2.161860466
13	-1.995042205
13	-1.871684551
13	-1.760407567
13	-1.673498511
13	-1.635116577
13	-1.599670053
13	-1.531345367
13	-1.468302011
13	-1.416221499
13	-1.36441946
13	-1.31475389
13	-1.271247864
13	-1.230709314
13	-1.188543797
13	-1.151200294
13	-1.113817811
13	-1.076906919
13	-1.040375948
13	-1.007134914
13	-0.9748079777
13	-0.9457167983
13	-0.9147302508
13	-0.8851680756
13	-0.8576258421
13	-0.8300257921
13	-0.8004623652
13	-0.7731882334
13	-0.7462367415
13	-0.7222121358
13	-0.6956489086
13	-0.6701583862
13	-0.6453709006
13	-0.6224443316
13	-0.5985234976
13	-0.5748776197
13	-0.5522630215
13	-0.5287650824
13	-0.5065582991
13	-0.4842009246
13	-0.4620881081
13	-0.4406417608
13	-0.4181781411
13	-0.3965739906
13	-0.3759711087
13	-0.355652988
13	-0.3339553773
13	-0.3146475554
13	-0.2951217294
13	-0.2733544707
13	-0.2537640929
13	-0.2335721701
13	-0.2120665908
13	-0.1917311549
13	-0.1710092723
13	-0.1519578695
13	-0.1312096864
13	-0.1120218784
13	-0.09107300639
13	-0.07001942396
13	-0.04907274246
13	-0.03249492496
13	-0.01143476181
13	0.007151821628
13	0.02528312802
13	0.04485099763
13	0.0645519048
13	0.08248846978
13	0.1010980904
13	0.1218648255
13	0.1400705427
13	0.1603245139
13	0.1797941625
13	0.1994127333
13	0.2199816406
13	0.2398242354
13	0.2618566751
13	0.2825605273
13	0.3030692339
13	0.323297441
13	0.3433906436
13	0.364996314
13	0.3857198954
13	0.4068244994
13	0.4271235466
13	0.4497143626
13	0.4712333977
13	0.4933244586
13	0.5141927004
13	0.5360654593
13	0.5603185296
13	0.5829633474
13	0.6060968637
13	0.6291092634
13	0.653288126
13	0.6772334576
13	0.7012265921
13	0.7264868021
13	0.7516296506
13	0.7788579464
13	0.8050569296
13	0.830383122
13	0.8578830957
13	0.887622118
13	0.9177796841
13	0.947573483
13	0.9786192179
13	1.011938691
13	1.042247295
13	1.077345133
13	1.111158133
13	1.148016691
13	1.18867135
13	1.230154872
13	1.272370934
13	1.319247246
13	1.37025404
13	1.429266453
13	1.489127874
13	1.548364162
13	1.611373186
13	1.689390779
13	1.78055048
13	1.882391691
13	2.009180546
13	2.175428152
13	2.450431824
14	-2.417181969
14	-2.158266068
14	-1.985245228
14	-1.859947443
14	-1.763901472
14	-1.677603245
14	-1.63741231
14	-1.59979713
14	-1.536701679
14	-1.481357813
14	-1.42226696
14	-1.372217774
14	-1.322250128
14	-1.275509834
14	-1.231192827
14	-1.187263489
14	-1.145391941
14	-1.107916594
14	-1.074801922
14	-1.043978453
14	-1.011422753
14	-0.9780085087
14	-0.9445780516
14	-0.9112728834
14	-0.8823151588
14	-0.8548404574
14	-0.8246585727
14	-0.7972204685
14	-0.7693951726
14	-0.744941771
14	-0.7169998884
14	-0.6906735897
14	-0.6664006114
14	-0.6417496204
14	-0.6189748049
14	-0.5986769795
14	-0.5767700672
14	-0.554526329
14	-0.5308008194
14	-0.5096408129
14	-0.4849729538
14	-0.4639562666
14	-0.4439565539
14	-0.4222986102
14	-0.4020330906
14	-0.3814404607
14	-0.3601908684
14	-0.3389387429
14	-0.3202289641
14	-0.299987793
14	-0.2805133164
14	-0.2606857419
14	-0.2425257713
14	-0.2204059064
14	-0.200550735
14	-0.1800971478
14	-0.1598102152
14	-0.1386646926
14	-0.1210346147
14	-0.1002752259
14	-0.08070380986
14	-0.06054284796
14	-0.04042903334
14	-0.02068476379
14	-0.002181398682
14	0.01676036231
14	0.03641202301
14	0.05628818274
14	0.07596696168
14	0.09629870951
14	0.1165350229
14	0.137413606
14	0.1573165059
14	0.1760696918
14	0.1964128911
14	0.214326188
14	0.2346908748
14	0.25491786
14	0.2755077779
14	0.2951347232
14	0.3160251975
14	0.3364974856
14	0.3573538363
14	0.3798508346
14	0.4015739858
14	0.4232282341
14	0.4455085993
14	0.4680970013
14	0.4896236062
14	0.5117360353
14	0.5348496437
14	0.556104064
14	0.5780755877
14	0.6026819944
14	0.6256967187
14	0.648332119
14	0.6726299524
14	0.6955353618
14	0.7195342779
14	0.7449395657
14	0.7697653174
14	0.7976064682
14	0.8253297806
14	0.8544366956
14	0.8858544827
14	0.9137040377
14	0.9426563978
14	0.9739472866
14	1.008291006
14	1.037512779
14	1.073881626
14	1.107028484
14	1.141823411
14	1.180752039
14	1.221163273
14	1.268901587
14	1.312274337
14	1.359898567
14	1.413414836
14	1.468822002
14	1.52869153
14	1.59944582
14	1.675394535
14	1.764334083
14	1.86049366
14	1.989972591
14	2.163330793
14	2.423505306
15	-2.433591843
15	-2.161606312
15	-2.002389431
15	-1.872143269
15	-1.770639658
15	-1.688503742
15	-1.651442766
15	-1.61337018
15	-1.54818213
15	-1.487614036
15	-1.431664705
15	-1.379652739
15	-1.329964399
15	-1.284234166
15	-1.241938233
15	-1.204456568
15	-1.166122317
15	-1.130343437
15	-1.093976498
15	-1.05843246
15	-1.028070569
15	-0.9973347187
15	-0.9653784633
15	-0.9361640215
15	-0.9047660232
15	-0.8725665808
15	-0.8423597217
15	-0.8152303696
15	-0.7889589071
15	-0.761502862
15	-0.7360118628
15	-0.7098073959
15	-0.6826851368
15	-0.6574188471
15	-0.6343588829
15	-0.6126265526
15	-0.5904841423
15	-0.5677769184
15	-0.5419598818
15	-0.518920958
15	-0.4958779812
15	-0.4725347757
15	-0.45054546
15	-0.429644078
15	-0.407692492
15	-0.3853307068
15	-0.3638013005
15	-0.3437882662
15	-0.3238479495
15	-0.3029817343
15	-0.2834868729
15	-0.263376236
15	-0.2434611171
15	-0.2222693712
15	-0.2018766999
15	-0.1816070527
15	-0.1626490504
15	-0.142041266
15	-0.1217139661
15	-0.101881884
15	-0.08237122744
15	-0.06612978876
15	-0.04735583812
15	-0.02850534022
15	-0.01009438187
15	0.009653701447
15	0.02996997535
15	0.0493941009
15	0.06974326074
15	0.09014685452
15	0.1109742522
15	0.1302771419
15	0.1499209106
15	0.1703592837
15	0.1884299815
15	0.2085329294
15	0.2291753739
15	0.2484420687
15	0.2688531876
15	0.2892004848
15	0.3090109229
15	0.327581197
15	0.3495642543
15	0.3705928326
15	0.3925225437
15	0.4124217629
15	0.4337434173
15	0.4541175365
15	0.4748851657
15	0.4960057735
15	0.5190092325
15	0.5418844223
15	0.564561367
15	0.5899925828
15	0.6157542467
15	0.6393717527
15	0.6645082235
15	0.6897720098
15	0.7138774395
15	0.7391364574
15	0.7657746077
15	0.7917392254
15	0.8194585443
15	0.8473441601
15	0.8752346039
15	0.9039409757
15	0.9328606129
15	0.9637451172
15	0.9939106703
15	1.028150797
15	1.065590382
15	1.104867697
15	1.143553019
15	1.18576026
15	1.227752328
15	1.270781517
15	1.316729069
15	1.36528945
15	1.416769028
15	1.473564029
15	1.53003633
15	1.600192785
15	1.68070066
15	1.778963566
15	1.879000902
15	1.996685743
15	2.17274189
15	2.421713352
16	-2.432427645
16	-2.165924549
16	-1.98570466
16	-1.857978582
16	-1.761102438
16	-1.675296307
16	-1.634795189
16	-1.599353433
16	-1.531443119
16	-1.469880342
16	-1.409682989
16	-1.356256008
16	-1.307779551
16	-1.264669657
16	-1.221189976
16	-1.180724144
16	-1.141291261
16	-1.106131911
16	-1.067325592
16	-1.031347275
16	-0.997517705
16	-0.9684016109
16	-0.9352420568
16	-0.9037417769
16	-0.8727846146
16	-0.8448154926
16	-0.8159128428
16	-0.7896643877
16	-0.7621778846
16	-0.735154748
16	-0.7087010145
16	-0.6845076084
16	-0.6613527536
16	-0.6353445053
16	-0.6118625402
16	-0.5883182287
16	-0.5647038221
16	-0.5433595777
16	-0.5232599378
16	-0.5024491549
16	-0.4825110435
16	-0.4600045085
16	-0.4381603599
16	-0.4164647758
16	-0.3945757747
16	-0.3723391891
16	-0.3497646451
16	-0.3290448189
16	-0.3080784082
16	-0.2881300151
16	-0.2677667439
16	-0.2468795627
16	-0.2277500927
16	-0.2093560994
16	-0.1895417273
16	-0.1698311716
16	-0.1510509849
16	-0.1322049797
16	-0.1136843041
16	-0.09426020831
16	-0.07557681948
16	-0.05591454357
16	-0.03669927269
16	-0.01870323718
16	0.001730058808
16	0.02170877159
16	0.04139039665
16	0.06024710834
16	0.08073550463
16	0.1019276232
16	0.1211938858
16	0.1397282332
16	0.1587512493
16	0.1785993278
16	0.1975365281
16	0.2183458805
16	0.2388780713
16	0.2586859763
16	0.2782880068
16	0.298946023
16	0.3189944029
16	0.3382658362
16	0.3584678769
16	0.3801306486
16	0.3999858499
16	0.4190976024
16	0.4419258237
16	0.4657588601
16	0.4877464771
16	0.5096620321
16	0.5316201448
16	0.5548533201
16	0.5763311386
16	0.5992916822
16	0.6237130761
16	0.6484817266
16	0.6724670529
16	0.6988908052
16	0.7238827348
16	0.7495847344
16	0.7751840353
16	0.8023660183
16	0.8292050362
16	0.8566501141
16	0.8835189342
16	0.9128495455
16	0.9430510998
16	0.9736949205
16	1.004189968
16	1.035209179
16	1.069407344
16	1.104216337
16	1.145545125
16	1.186430454
16	1.229414701
16	1.27376914
16	1.318350077
16	1.365853786
16	1.419159412
16	1.472812653
16	1.535622716
16	1.598881125
16	1.677849531
16	1.758332372
16	1.856443524
16	1.982814789
16	2.157476902
16	2.41974926
17	-2.428047657
17	-2.169644356
17	-1.997107029
17	-1.878280044
17	-1.771246314
17	-1.684102535
17	-1.646581888
17	-1.609402657
17	-1.536571741
17	-1.467293739
17	-1.411525488
17	-1.360188484
17	-1.312156439
17	-1.269263268
17	-1.224235892
17	-1.182174206
17	-1.145238638
17	-1.109016538
17	-1.076189995
17	-1.040798783
17	-1.007991672
17	-0.9754937887
17	-0.9451292753
17	-0.9170068502
17	-0.8870583773
17	-0.8587048054
17	-0.8287123442
17	-0.8023771048
17	-0.7748593092
17	-0.7492218018
17	-0.7218148708
17	-0.6958328485
17	-0.6715613008
17	-0.6466681957
17	-0.6231827736
17	-0.5972188115
17	-0.5750063658
17	-0.5525997281
17	-0.5293133259
17	-0.5070818067
17	-0.4865437746
17	-0.4655066431
17	-0.4430556297
17	-0.4231229722
17	-0.4015702009
17	-0.3794683814
17	-0.3581883311
17	-0.337370038
17	-0.3164445162
17	-0.2965214849
17	-0.2753690183
17	-0.2556095719
17	-0.236002177
17	-0.2160899639
17	-0.1948778629
17	-0.1746828109
17	-0.1540283412
17	-0.1346461773
17	-0.115235284
17	-0.0958750695
17	-0.07499982417
17	-0.05400449783
17	-0.03414172679
17	-0.01538543403
17	0.004155586008
17	0.02436000109
17	0.04419753328
17	0.06411355734
17	0.08467900753
17	0.1026682556
17	0.1222240552
17	0.1415642947
17	0.1611290872
17	0.1802404821
17	0.2011298984
17	0.2218319625
17	0.2424011379
17	0.2635447979
17	0.285004437
17	0.3039025962
17	0.3250952065
17	0.3461890817
17	0.3673931956
17	0.387988627
17	0.4066989422
17	0.4283929467
17	0.4506505728
17	0.47241503
17	0.4960564375
17	0.5191822052
17	0.5426386595
17	0.5632256269
17	0.5861122608
17	0.6101427078
17	0.6350256205
17	0.6584979892
17	0.6818262339
17	0.7071634531
17	0.7337994576
17	0.7592328787
17	0.785023272
17	0.8132677078
17	0.8410776854
17	0.8689299822
17	0.8974750042
17	0.928222537
17	0.958362937
17	0.9880610704
17	1.017324328
17	1.049969196
17	1.084658742
17	1.119887114
17	1.157099128
17	1.193587422
17	1.23293972
17	1.27735877
17	1.327366352
17	1.374278545
17	1.427735925
17	1.483165026
17	1.540284991
17	1.600566864
17	1.679037213
17	1.759497881
17	1.858177662
17	1.986784816
17	2.150651693
17	2.417951345
18	-2.411232948
18	-2.154431343
18	-1.995055556
18	-1.861281514
18	-1.75996232
18	-1.679005027
18	-1.640873551
18	-1.60184145
18	-1.529568315
18	-1.476085305
18	-1.417006373
18	-1.36757803
18	-1.321878195
18	-1.277673483
18	-1.232037544
18	-1.191001654
18	-1.151166916
18	-1.115480661
18	-1.081581116
18	-1.046331167
18	-1.012079
18	-0.9807218313
18	-0.9521849155
18	-0.921736598
18	-0.8925665617
18	-0.8612675071
18	-0.8326576948
18	-0.8058347702
18	-0.7779653072
18	-0.7498761415
18	-0.7219076157
18	-0.6944445372
18	-0.669159174
18	-0.6462908983
18	-0.6229447126
18	-0.5981752872
18	-0.5746994019
18	-0.5530922413
18	-0.5312852263
18	-0.5086488128
18	-0.4860946536
18	-0.4644985199
18	-0.4448919296
18	-0.4226887822
18	-0.4011327624
18	-0.3810264468
18	-0.3607363701
18	-0.3408820033
18	-0.3206474185
18	-0.3007928133
18	-0.2802991271
18	-0.2590720654
18	-0.238807112
18	-0.2205937505
18	-0.2008323371
18	-0.1819552034
18	-0.1630809754
18	-0.1437743008
18	-0.1212343276
18	-0.1029241905
18	-0.08357958496
18	-0.06527024508
18	-0.0466369465
18	-0.02861815505
18	-0.008118233643
18	0.01097568963
18	0.03006333113
18	0.05089009553
18	0.06910288334
18	0.08911645412
18	0.1081881523
18	0.1282903254
18	0.1489629149
18	0.1684923768
18	0.1883106828
18	0.2095759511
18	0.2290338576
18	0.2497292161
18	0.2708983421
18	0.2912890017
18	0.311999321
18	0.3314244747
18	0.3523648977
18	0.3730764389
18	0.3929173946
18	0.4146012068
18	0.4359952807
18	0.4572512209
18	0.4793060124
18	0.5021915436
18	0.5272080898
18	0.5492333174
18	0.5738011599
18	0.595618844
18	0.6186307073
18	0.6433141232
18	0.667508781
18	0.6930180788
18	0.7175012827
18	0.7446042299
18	0.7701762319
18	0.7962882519
18	0.8221532106
18	0.850787282
18	0.8774503469
18	0.9062815905
18	0.9356033802
18	0.9671778679
18	1.000735521
18	1.034569502
18	1.069711208
18	1.104165196
18	1.143805265
18	1.185028553
18	1.227365136
18	1.272322178
18	1.322246552
18	1.374978065
18	1.427747488
18	1.484865904
18	1.540747166
18	1.603414536
18	1.679772139
18	1.767746329
18	1.869985104
18	1.998135328
18	2.167593956
18	2.422107458
19	-2.414573669
19	-2.15516305
19	-1.991213322
19	-1.862026095
19	-1.764092207
19	-1.68127799
19	-1.643774033
19	-1.607154846
19	-1.538257837
19	-1.475600481
19	-1.415028572
19	-1.362383604
19	-1.3151052
19	-1.267491102
19	-1.221820951
19	-1.183098912
19	-1.147320509
19	-1.110212564
19	-1.071834087
19	-1.038925409
19	-1.007157326
19	-0.9763762355
19	-0.9448257685
19	-0.9133340716
19	-0.8847727776
19	-0.8559129238
19	-0.828956306
19	-0.8012834191
19	-0.7745909691
19	-0.7491779327
19	-0.7242102623
19	-0.6975672245
19	-0.6715582609
19	-0.6470954418
19	-0.6205125451
19	-0.5970125198
19	-0.5739682913
19	-0.550978303
19	-0.529171288
19	-0.5069261789
19	-0.4837119579
19	-0.4611282647
19	-0.4391343892
19	-0.4161947072
19	-0.3954471052
19	-0.3734383583
19	-0.3524452448
19	-0.3327578306
19	-0.3122987449
19	-0.2897770405
19	-0.2688954473
19	-0.2510105669
19	-0.230302304
19	-0.2100068927
19	-0.1904012859
19	-0.1669674218
19	-0.1476194859
19	-0.1295033991
19	-0.1102599576
19	-0.09062173963
19	-0.06988672912
19	-0.05067299306
19	-0.03199455142
19	-0.01217301469
19	0.006900188513
19	0.02778811939
19	0.04814901575
19	0.06827442348
19	0.08986114711
19	0.109466508
19	0.1276595443
19	0.1483742148
19	0.1680793166
19	0.1882152259
19	0.2087442726
19	0.2302808911
19	0.2508022785
19	0.2707514763
19	0.2893102765
19	0.309286207
19	0.330344975
19	0.3501721025
19	0.3717039526
19	0.3925999999
19	0.4132827818
19	0.4349428415
19	0.4549100399
19	0.4781512618
19	0.5001882315
19	0.5238060951
19	0.545348525
19	0.5692007542
19	0.5926847458
19	0.6144222021
19	0.6372506022
19	0.6624122858
19	0.6854071617
19	0.7092934847
19	0.7347080112
19	0.759131074
19	0.7843517065
19	0.8111493587
19	0.8389134407
19	0.8668539524
19	0.8955074549
19	0.9244389534
19	0.9558195472
19	0.9856793284
19	1.018333554
19	1.048623085
19	1.08343792
19	1.121094704
19	1.159106255
19	1.195564508
19	1.236677647
19	1.276993752
19	1.326435566
19	1.377152801
19	1.425217628
19	1.485086679
19	1.542872906
19	1.608793974
19	1.687946796
19	1.773453712
19	1.875860691
19	2.001741886
19	2.173933744
19	2.443710327
