config_id,run_id,kernel,iter,depth_level,feat,bin,gain,is_winner,rank
6,3,t1,0,0,0,78,7.9638176,1,0
6,3,t1,0,0,0,81,6.50032091,0,1
6,3,t1,0,0,0,79,6.34183407,0,2
6,3,t1,0,0,0,77,6.03282022,0,3
6,3,t1,0,0,0,84,5.33349514,0,4
6,3,t1,0,0,0,82,4.64617729,0,5
6,3,t1,0,0,0,121,0.00114390254,0,255
6,3,t1,0,1,0,116,5.50253201,1,0
6,3,t1,0,1,0,107,5.36834717,0,1
6,3,t1,0,1,0,89,5.0276165,0,2
6,3,t1,0,1,0,95,4.84270668,0,3
6,3,t1,0,1,0,92,4.55625343,0,4
6,3,t1,0,1,0,125,4.55347252,0,5
6,3,t1,0,1,0,114,0.0960273743,0,255
6,3,t1,0,2,0,117,12.6009121,1,0
6,3,t1,0,2,0,111,7.47987461,0,1
6,3,t1,0,2,0,120,6.93090487,0,2
6,3,t1,0,2,0,112,4.98747158,0,3
6,3,t1,0,2,0,114,3.60232472,0,4
6,3,t1,0,2,0,118,3.07479,0,5
6,3,t1,0,2,0,116,1.1920929e-06,0,255
6,3,t1,0,3,0,111,7.47987461,1,0
6,3,t1,0,3,0,125,5.04536343,0,1
6,3,t1,0,3,0,112,4.98747063,0,2
6,3,t1,0,3,0,114,3.60232377,0,3
6,3,t1,0,3,0,119,3.55930328,0,4
6,3,t1,0,3,0,89,2.60160542,0,5
6,3,t1,0,3,0,78,1.1920929e-07,0,255
6,3,t1,0,4,0,107,18.3316536,1,0
6,3,t1,0,4,0,110,15.968915,0,1
6,3,t1,0,4,0,104,10.6959839,0,2
6,3,t1,0,4,0,95,7.86395359,0,3
6,3,t1,0,4,0,106,7.3781147,0,4
6,3,t1,0,4,0,89,6.86722374,0,5
6,3,t1,0,4,0,116,1.1920929e-07,0,255
6,3,t1,0,5,0,125,5.04536343,1,0
6,3,t1,0,5,0,119,3.55930328,0,1
6,3,t1,0,5,0,122,2.49325752,0,2
6,3,t1,0,5,0,102,2.24913406,0,3
6,3,t1,0,5,0,108,1.922701,0,4
6,3,t1,0,5,0,110,1.92269814,0,5
6,3,t1,0,5,0,116,1.1920929e-07,0,255
6,3,t1,1,0,0,78,5.88420916,1,0
6,3,t1,1,0,0,81,4.77588654,0,1
6,3,t1,1,0,0,79,4.53866482,0,2
6,3,t1,1,0,0,77,4.25182486,0,3
6,3,t1,1,0,0,84,3.87265849,0,4
6,3,t1,1,0,0,82,3.24645066,0,5
6,3,t1,1,0,0,121,0.000255540013,0,255
6,3,t1,1,1,0,116,5.09811831,1,0
6,3,t1,1,1,0,89,4.91231775,0,1
6,3,t1,1,1,0,107,4.75036669,0,2
6,3,t1,1,1,0,95,4.58558035,0,3
6,3,t1,1,1,0,92,4.3828578,0,4
6,3,t1,1,1,0,125,4.06181002,0,5
6,3,t1,1,1,0,84,0.0201740265,0,255
6,3,t1,1,2,0,117,10.317255,1,0
6,3,t1,1,2,0,111,6.40881681,0,1
6,3,t1,1,2,0,120,6.24754,0,2
6,3,t1,1,2,0,112,4.25122118,0,3
6,3,t1,1,2,0,114,3.15871,0,4
6,3,t1,1,2,0,89,2.61582422,0,5
6,3,t1,1,2,0,116,1.31130219e-06,0,255
6,3,t1,1,3,0,111,6.40881491,1,0
6,3,t1,1,3,0,125,4.45035172,0,1
6,3,t1,1,3,0,112,4.25121927,0,2
6,3,t1,1,3,0,119,3.67590523,0,3
6,3,t1,1,3,0,114,3.15870833,0,4
6,3,t1,1,3,0,89,2.61582255,0,5
6,3,t1,1,3,0,78,5.42402267e-06,0,255
6,3,t1,1,4,0,107,14.4878674,1,0
6,3,t1,1,4,0,110,14.1779461,0,1
6,3,t1,1,4,0,104,8.64951515,0,2
6,3,t1,1,4,0,95,6.96528769,0,3
6,3,t1,1,4,0,89,6.3724885,0,4
6,3,t1,1,4,0,92,6.09663439,0,5
6,3,t1,1,4,0,78,7.33137131e-06,0,255
6,3,t1,1,5,0,125,4.45035172,1,0
6,3,t1,1,5,0,119,3.67590523,0,1
6,3,t1,1,5,0,108,2.58604765,0,2
6,3,t1,1,5,0,110,2.58603835,0,3
6,3,t1,1,5,0,102,2.45253062,0,4
6,3,t1,1,5,0,122,2.3618083,0,5
6,3,t1,1,5,0,78,1.11460686e-05,0,255
6,3,t1,2,0,0,78,4.37243319,1,0
6,3,t1,2,0,0,81,3.52989244,0,1
6,3,t1,2,0,0,79,3.25028992,0,2
6,3,t1,2,0,0,77,2.98861694,0,3
6,3,t1,2,0,0,84,2.82642817,0,4
6,3,t1,2,0,0,125,2.44779468,0,5
6,3,t1,2,0,0,95,0.00259752572,0,255
6,3,t1,2,1,0,89,4.77885485,1,0
6,3,t1,2,1,0,116,4.71733952,0,1
6,3,t1,2,1,0,95,4.32370043,0,2
6,3,t1,2,1,0,92,4.19724798,0,3
6,3,t1,2,1,0,107,4.17629814,0,4
6,3,t1,2,1,0,125,3.63742065,0,5
6,3,t1,2,1,0,84,0.0378081799,0,255
6,3,t1,2,2,0,90,4.67707443,1,0
6,3,t1,2,2,0,125,2.79716301,0,1
6,3,t1,2,2,0,116,2.5451827,0,2
6,3,t1,2,2,0,93,2.41989899,0,3
6,3,t1,2,2,0,102,1.92669952,0,4
6,3,t1,2,2,0,77,1.32234383,0,5
6,3,t1,2,2,0,78,1.34110451e-07,0,255
6,3,t1,2,3,0,116,3.60523748,1,0
6,3,t1,2,3,0,125,3.19192219,0,1
6,3,t1,2,3,0,92,3.09616995,0,2
6,3,t1,2,3,0,95,2.75467181,0,3
6,3,t1,2,3,0,107,2.73208261,0,4
6,3,t1,2,3,0,104,1.85450435,0,5
6,3,t1,2,3,0,78,1.07288361e-06,0,255
6,3,t1,2,4,0,117,8.49873924,1,0
6,3,t1,2,4,0,111,7.11243105,0,1
6,3,t1,2,4,0,120,5.66336918,0,2
6,3,t1,2,4,0,112,4.77806997,0,3
6,3,t1,2,4,0,114,3.64194727,0,4
6,3,t1,2,4,0,113,2.52603436,0,5
6,3,t1,2,4,0,78,3.57627869e-07,0,255
6,3,t1,2,5,0,111,7.11243248,1,0
6,3,t1,2,5,0,112,4.7780714,0,1
6,3,t1,2,5,0,125,3.93122959,0,2
6,3,t1,2,5,0,119,3.76811409,0,3
6,3,t1,2,5,0,114,3.6419487,0,4
6,3,t1,2,5,0,113,2.52603579,0,5
6,3,t1,2,5,0,78,1.90734863e-06,0,255
6,3,t1,3,0,0,78,3.32518864,1,0
6,3,t1,3,0,0,81,2.77334166,0,1
6,3,t1,3,0,0,125,2.49740744,0,2
6,3,t1,3,0,0,79,2.40186357,0,3
6,3,t1,3,0,0,84,2.27082276,0,4
6,3,t1,3,0,0,77,2.13865471,0,5
6,3,t1,3,0,0,95,0.00302952155,0,255
6,3,t1,3,1,0,107,4.30849648,1,0
6,3,t1,3,1,0,116,4.19824982,0,1
6,3,t1,3,1,0,95,3.94384265,0,2
6,3,t1,3,1,0,89,3.93073058,0,3
6,3,t1,3,1,0,92,3.66777396,0,4
6,3,t1,3,1,0,125,3.56023145,0,5
6,3,t1,3,1,0,112,0.0209140778,0,255
6,3,t1,3,2,0,108,9.05835342,1,0
6,3,t1,3,2,0,111,6.66239405,0,1
6,3,t1,3,2,0,109,4.54877901,0,2
6,3,t1,3,2,0,112,3.24100924,0,3
6,3,t1,3,2,0,102,3.0168612,0,4
6,3,t1,3,2,0,105,2.53737116,0,5
6,3,t1,3,2,0,107,5.96046448e-08,0,255
6,3,t1,3,3,0,110,5.08398199,1,0
6,3,t1,3,3,0,116,4.92463589,0,1
6,3,t1,3,3,0,125,3.31458473,0,2
6,3,t1,3,3,0,102,3.01686144,0,3
6,3,t1,3,3,0,115,2.65992498,0,4
6,3,t1,3,3,0,105,2.53737116,0,5
6,3,t1,3,3,0,78,2.38418579e-06,0,255
6,3,t1,3,4,0,111,9.76412678,1,0
6,3,t1,3,4,0,112,3.99349833,0,1
6,3,t1,3,4,0,102,3.0168612,0,2
6,3,t1,3,4,0,105,2.53737116,0,3
6,3,t1,3,4,0,125,2.19582582,0,4
6,3,t1,3,4,0,120,1.8304826,0,5
6,3,t1,3,4,0,78,2.22027302e-06,0,255
6,3,t1,3,5,0,116,9.0934391,1,0
6,3,t1,3,5,0,115,5.99762344,0,1
6,3,t1,3,5,0,125,3.89120722,0,2
6,3,t1,3,5,0,102,3.01686144,0,3
6,3,t1,3,5,0,119,2.87937236,0,4
6,3,t1,3,5,0,105,2.53737116,0,5
6,3,t1,3,5,0,78,2.32458115e-06,0,255
6,3,t1,4,0,0,78,2.50820899,1,0
6,3,t1,4,0,0,125,2.4457345,0,1
6,3,t1,4,0,0,81,2.09890509,0,2
6,3,t1,4,0,0,79,1.73144686,0,3
6,3,t1,4,0,0,84,1.70791936,0,4
6,3,t1,4,0,0,77,1.49709857,0,5
6,3,t1,4,0,0,113,0.000971496105,0,255
6,3,t1,4,1,0,89,3.76592827,1,0
6,3,t1,4,1,0,107,3.69765759,0,1
6,3,t1,4,1,0,95,3.6507535,0,2
6,3,t1,4,1,0,116,3.45442677,0,3
6,3,t1,4,1,0,92,3.45161819,0,4
6,3,t1,4,1,0,125,3.37549591,0,5
6,3,t1,4,1,0,112,0.0160983801,0,255
6,3,t1,4,2,0,90,4.21007586,1,0
6,3,t1,4,2,0,125,2.64567161,0,1
6,3,t1,4,2,0,93,2.24970508,0,2
6,3,t1,4,2,0,102,1.90989268,0,3
6,3,t1,4,2,0,116,1.80695045,0,4
6,3,t1,4,2,0,77,1.42674363,0,5
6,3,t1,4,2,0,89,1.08033419e-07,0,255
6,3,t1,4,3,0,92,3.21692896,1,0
6,3,t1,4,3,0,125,3.03159332,0,1
6,3,t1,4,3,0,95,2.82143497,0,2
6,3,t1,4,3,0,107,2.70711994,0,3
6,3,t1,4,3,0,116,2.70656204,0,4
6,3,t1,4,3,0,104,1.84910333,0,5
6,3,t1,4,3,0,89,4.76837158e-07,0,255
6,3,t1,4,4,0,93,5.82516718,1,0
6,3,t1,4,4,0,102,2.70166063,0,1
6,3,t1,4,4,0,125,2.58494973,0,2
6,3,t1,4,4,0,99,1.99239528,0,3
6,3,t1,4,4,0,116,1.70383608,0,4
6,3,t1,4,4,0,77,1.42674375,0,5
6,3,t1,4,4,0,92,2.42143869e-08,0,255
6,3,t1,4,5,0,95,4.94317579,1,0
6,3,t1,4,5,0,107,3.13085842,0,1
6,3,t1,4,5,0,125,3.0857811,0,2
6,3,t1,4,5,0,116,2.8923049,0,3
6,3,t1,4,5,0,98,2.52189636,0,4
6,3,t1,4,5,0,104,2.2812705,0,5
6,3,t1,4,5,0,92,3.57627869e-07,0,255
6,3,t1,5,0,0,125,2.44388962,1,0
6,3,t1,5,0,0,78,1.9330771,0,1
6,3,t1,5,0,0,81,1.68996286,0,2
6,3,t1,5,0,0,84,1.41745949,0,3
6,3,t1,5,0,0,79,1.28709626,0,4
6,3,t1,5,0,0,116,1.26301575,0,5
6,3,t1,5,0,0,92,0.000135719776,0,255
6,3,t1,5,1,0,120,3.46434736,1,0
6,3,t1,5,1,0,123,2.89855933,0,1
6,3,t1,5,1,0,78,2.7605772,0,2
6,3,t1,5,1,0,81,2.50961041,0,3
6,3,t1,5,1,0,84,2.2038126,0,4
6,3,t1,5,1,0,102,1.99796021,0,5
6,3,t1,5,1,0,115,8.46087933e-05,0,255
6,3,t1,5,2,0,119,6.72594643,1,0
6,3,t1,5,2,0,116,5.5577035,0,1
6,3,t1,5,2,0,115,2.92152643,0,2
6,3,t1,5,2,0,118,1.95364404,0,3
6,3,t1,5,2,0,107,1.94484568,0,4
6,3,t1,5,2,0,110,1.61103654,0,5
6,3,t1,5,2,0,108,0.000217381879,0,255
6,3,t1,5,3,0,117,3.58494282,1,0
6,3,t1,5,3,0,78,2.83302808,0,1
6,3,t1,5,3,0,81,2.58273053,0,2
6,3,t1,5,3,0,111,2.51836848,0,3
6,3,t1,5,3,0,84,2.26919556,0,4
6,3,t1,5,3,0,102,2.18377829,0,5
6,3,t1,5,3,0,104,0.00252938271,0,255
6,3,t1,5,4,0,116,8.23666573,1,0
6,3,t1,5,4,0,115,3.75434232,0,1
6,3,t1,5,4,0,107,1.92514992,0,2
6,3,t1,5,4,0,110,1.61616039,0,3
6,3,t1,5,4,0,78,1.5717504,0,4
6,3,t1,5,4,0,81,1.33274961,0,5
6,3,t1,5,4,0,112,0.000241237809,0,255
6,3,t1,5,5,0,111,7.19726229,1,0
6,3,t1,5,5,0,112,5.19044781,0,1
6,3,t1,5,5,0,114,4.30391169,0,2
6,3,t1,5,5,0,102,3.89332247,0,3
6,3,t1,5,5,0,78,3.85019112,0,4
6,3,t1,5,5,0,81,3.61819863,0,5
6,3,t1,5,5,0,104,0.120512962,0,255
6,3,t1,6,0,0,125,2.258847,1,0
6,3,t1,6,0,0,78,1.69862342,0,1
6,3,t1,6,0,0,81,1.46055996,0,2
6,3,t1,6,0,0,116,1.3473891,0,3
6,3,t1,6,0,0,84,1.20038521,0,4
6,3,t1,6,0,0,79,1.09363091,0,5
6,3,t1,6,0,0,109,0.00139390305,0,255
6,3,t1,6,1,0,120,2.85254741,1,0
6,3,t1,6,1,0,123,2.62446094,0,1
6,3,t1,6,1,0,78,2.4533112,0,2
6,3,t1,6,1,0,81,2.2028966,0,3
6,3,t1,6,1,0,84,1.90657043,0,4
6,3,t1,6,1,0,79,1.71902537,0,5
6,3,t1,6,1,0,95,0.000770121813,0,255
6,3,t1,6,2,0,119,6.00687504,1,0
6,3,t1,6,2,0,116,5.06103325,0,1
6,3,t1,6,2,0,115,2.7416544,0,2
6,3,t1,6,2,0,107,2.24279189,0,3
6,3,t1,6,2,0,110,1.93001735,0,4
6,3,t1,6,2,0,118,1.82548976,0,5
6,3,t1,6,2,0,94,0.000331587566,0,255
6,3,t1,6,3,0,117,3.16139102,1,0
6,3,t1,6,3,0,78,2.61424589,0,1
6,3,t1,6,3,0,81,2.36295605,0,2
6,3,t1,6,3,0,84,2.05516815,0,3
6,3,t1,6,3,0,111,2.05489087,0,4
6,3,t1,6,3,0,102,1.89077115,0,5
6,3,t1,6,3,0,95,4.18275595e-05,0,255
6,3,t1,6,4,0,116,7.21848392,1,0
6,3,t1,6,4,0,115,3.38272452,0,1
6,3,t1,6,4,0,107,2.20215106,0,2
6,3,t1,6,4,0,110,1.92738724,0,3
6,3,t1,6,4,0,78,1.47815526,0,4
6,3,t1,6,4,0,81,1.24159896,0,5
6,3,t1,6,4,0,108,0.0013583831,0,255
6,3,t1,6,5,0,111,6.15852928,1,0
6,3,t1,6,5,0,112,4.40402412,0,1
6,3,t1,6,5,0,114,3.73427987,0,2
6,3,t1,6,5,0,78,3.54530311,0,3
6,3,t1,6,5,0,102,3.40849543,0,4
6,3,t1,6,5,0,81,3.30656242,0,5
6,3,t1,6,5,0,107,0.0250412822,0,255
6,3,t1,7,0,0,125,2.08973813,1,0
6,3,t1,7,0,0,78,1.51780796,0,1
6,3,t1,7,0,0,116,1.40186656,0,2
6,3,t1,7,0,0,81,1.28488469,0,3
6,3,t1,7,0,0,107,1.16133499,0,4
6,3,t1,7,0,0,84,1.03561521,0,5
6,3,t1,7,0,0,101,3.94005328e-05,0,255
6,3,t1,7,1,0,123,2.39409018,1,0
6,3,t1,7,1,0,120,2.35743594,0,1
6,3,t1,7,1,0,78,2.21136308,0,2
6,3,t1,7,1,0,81,1.96263885,0,3
6,3,t1,7,1,0,84,1.67517138,0,4
6,3,t1,7,1,0,79,1.51343036,0,5
6,3,t1,7,1,0,95,0.00169381499,0,255
6,3,t1,7,2,0,122,3.43359756,1,0
6,3,t1,7,2,0,116,2.32652497,0,1
6,3,t1,7,2,0,119,1.64746726,0,2
6,3,t1,7,2,0,107,1.62729537,0,3
6,3,t1,7,2,0,78,1.37808633,0,4
6,3,t1,7,2,0,110,1.27726197,0,5
6,3,t1,7,2,0,108,0.00129525363,0,255
6,3,t1,7,3,0,120,3.52978849,1,0
6,3,t1,7,3,0,78,2.2542789,0,1
6,3,t1,7,3,0,81,2.0044539,0,2
6,3,t1,7,3,0,84,1.7127099,0,3
6,3,t1,7,3,0,79,1.54072785,0,4
6,3,t1,7,3,0,102,1.39558268,0,5
6,3,t1,7,3,0,95,0.00320102274,0,255
6,3,t1,7,4,0,119,5.37491608,1,0
6,3,t1,7,4,0,116,4.60937881,0,1
6,3,t1,7,4,0,115,2.55931497,0,2
6,3,t1,7,4,0,107,2.5049634,0,3
6,3,t1,7,4,0,110,2.21759868,0,4
6,3,t1,7,4,0,118,1.697788,0,5
6,3,t1,7,4,0,100,1.0506541e-05,0,255
6,3,t1,7,5,0,117,2.80260229,1,0
6,3,t1,7,5,0,78,2.43712616,0,1
6,3,t1,7,5,0,81,2.1856277,0,2
6,3,t1,7,5,0,84,1.88315153,0,3
6,3,t1,7,5,0,111,1.69805455,0,4
6,3,t1,7,5,0,79,1.68026543,0,5
6,3,t1,7,5,0,98,0.00142797828,0,255
6,3,t1,8,0,0,125,1.93574083,1,0
6,3,t1,8,0,0,116,1.64596283,0,1
6,3,t1,8,0,0,78,1.43513978,0,2
6,3,t1,8,0,0,107,1.31207728,0,3
6,3,t1,8,0,0,81,1.20497549,0,4
6,3,t1,8,0,0,122,1.03842282,0,5
6,3,t1,8,0,0,97,0.000816393644,0,255
6,3,t1,8,1,0,123,2.14685035,1,0
6,3,t1,8,1,0,78,2.0868845,0,1
6,3,t1,8,1,0,120,1.97003198,0,2
6,3,t1,8,1,0,81,1.83950853,0,3
6,3,t1,8,1,0,84,1.55722094,0,4
6,3,t1,8,1,0,79,1.40881145,0,5
6,3,t1,8,1,0,106,0.00183261931,0,255
6,3,t1,8,2,0,122,3.17486835,1,0
6,3,t1,8,2,0,116,2.57105827,0,1
6,3,t1,8,2,0,107,1.75607967,0,2
6,3,t1,8,2,0,119,1.65336978,0,3
6,3,t1,8,2,0,110,1.40766406,0,4
6,3,t1,8,2,0,115,1.35313416,0,5
6,3,t1,8,2,0,117,0.000548234209,0,255
6,3,t1,8,3,0,120,3.10284638,1,0
6,3,t1,8,3,0,78,2.15503573,0,1
6,3,t1,8,3,0,81,1.90597141,0,2
6,3,t1,8,3,0,84,1.61813092,0,3
6,3,t1,8,3,0,79,1.45723927,0,4
6,3,t1,8,3,0,102,1.2767688,0,5
6,3,t1,8,3,0,106,0.00275856256,0,255
6,3,t1,8,4,0,119,4.82045364,1,0
6,3,t1,8,4,0,116,4.6874361,0,1
6,3,t1,8,4,0,115,2.60738063,0,2
6,3,t1,8,4,0,107,2.53112555,0,3
6,3,t1,8,4,0,110,2.24638486,0,4
6,3,t1,8,4,0,118,1.57378042,0,5
6,3,t1,8,4,0,120,9.53674316e-07,0,255
6,3,t1,8,5,0,117,2.49683619,1,0
6,3,t1,8,5,0,78,2.36064029,0,1
6,3,t1,8,5,0,81,2.10915184,0,2
6,3,t1,8,5,0,84,1.80922627,0,3
6,3,t1,8,5,0,79,1.61565316,0,4
6,3,t1,8,5,0,102,1.56021845,0,5
6,3,t1,8,5,0,119,9.53674316e-07,0,255
6,3,t1,9,0,0,116,1.8691119,1,0
6,3,t1,9,0,0,125,1.79480553,0,1
6,3,t1,9,0,0,107,1.44537461,0,2
6,3,t1,9,0,0,78,1.36991608,0,3
6,3,t1,9,0,0,81,1.14210427,0,4
6,3,t1,9,0,0,110,1.09658515,0,5
6,3,t1,9,0,0,112,7.62399286e-05,0,255
6,3,t1,9,1,0,111,5.29555511,1,0
6,3,t1,9,1,0,117,4.52279329,0,1
6,3,t1,9,1,0,112,3.7519908,0,2
6,3,t1,9,1,0,78,3.28930235,0,3
6,3,t1,9,1,0,114,3.25593424,0,4
6,3,t1,9,1,0,120,3.05663061,0,5
6,3,t1,9,1,0,121,0.0472437143,0,255
6,3,t1,9,2,0,110,8.12705803,1,0
6,3,t1,9,2,0,107,5.64160109,0,1
6,3,t1,9,2,0,117,4.52279329,0,2
6,3,t1,9,2,0,120,3.05663061,0,3
6,3,t1,9,2,0,104,2.2781291,0,4
6,3,t1,9,2,0,78,1.26610577,0,5
6,3,t1,9,2,0,88,0.000187391241,0,255
6,3,t1,9,3,0,108,4.55298042,1,0
6,3,t1,9,3,0,117,4.52279329,0,1
6,3,t1,9,3,0,102,3.98235369,0,2
6,3,t1,9,3,0,78,3.56904531,0,3
6,3,t1,9,3,0,81,3.33965278,0,4
6,3,t1,9,3,0,120,3.05663061,0,5
6,3,t1,9,3,0,121,0.0472437143,0,255
6,3,t1,9,4,0,107,8.22597885,1,0
6,3,t1,9,4,0,117,4.52279329,0,1
6,3,t1,9,4,0,120,3.05663061,0,2
6,3,t1,9,4,0,104,2.21782088,0,3
6,3,t1,9,4,0,78,1.72060072,0,4
6,3,t1,9,4,0,81,1.47082901,0,5
6,3,t1,9,4,0,105,0.00233552326,0,255
6,3,t1,9,5,0,102,7.29416704,1,0
6,3,t1,9,5,0,105,5.58908939,0,1
6,3,t1,9,5,0,78,4.58779144,0,2
6,3,t1,9,5,0,117,4.52279329,0,3
6,3,t1,9,5,0,99,4.45198536,0,4
6,3,t1,9,5,0,81,4.41225433,0,5
6,3,t1,9,5,0,121,0.0472437143,0,255
6,3,t1,10,0,0,125,1.74335277,1,0
6,3,t1,10,0,0,116,1.54585218,0,1
6,3,t1,10,0,0,107,1.27977049,0,2
6,3,t1,10,0,0,78,1.22912431,0,3
6,3,t1,10,0,0,81,1.00737703,0,4
6,3,t1,10,0,0,110,0.988600016,0,5
6,3,t1,10,0,0,105,0.000684402883,0,255
6,3,t1,10,1,0,123,2.01607776,1,0
6,3,t1,10,1,0,120,1.824283,0,1
6,3,t1,10,1,0,78,1.80852294,0,2
6,3,t1,10,1,0,81,1.56577301,0,3
6,3,t1,10,1,0,84,1.29673457,0,4
6,3,t1,10,1,0,79,1.17718196,0,5
6,3,t1,10,1,0,89,0.00100965053,0,255
6,3,t1,10,2,0,122,2.86421108,1,0
6,3,t1,10,2,0,116,2.43545055,0,1
6,3,t1,10,2,0,107,1.7227,0,2
6,3,t1,10,2,0,119,1.46037793,0,3
6,3,t1,10,2,0,110,1.44162476,0,4
6,3,t1,10,2,0,115,1.32598567,0,5
6,3,t1,10,2,0,96,8.17272812e-05,0,255
6,3,t1,10,3,0,120,2.86182261,1,0
6,3,t1,10,3,0,78,1.86347163,0,1
6,3,t1,10,3,0,81,1.61841238,0,2
6,3,t1,10,3,0,84,1.34380412,0,3
6,3,t1,10,3,0,79,1.21429801,0,4
6,3,t1,10,3,0,117,1.07290459,0,5
6,3,t1,10,3,0,89,0.00120592117,0,255
6,3,t1,10,4,0,116,4.38416624,1,0
6,3,t1,10,4,0,119,4.20166111,0,1
6,3,t1,10,4,0,115,2.50781846,0,2
6,3,t1,10,4,0,107,2.45704651,0,3
6,3,t1,10,4,0,110,2.26010633,0,4
6,3,t1,10,4,0,104,1.38301086,0,5
6,3,t1,10,4,0,120,1.43051147e-06,0,255
6,3,t1,10,5,0,111,4.61355352,1,0
6,3,t1,10,5,0,112,3.24069786,0,1
6,3,t1,10,5,0,78,2.90367484,0,2
6,3,t1,10,5,0,114,2.88306499,0,3
6,3,t1,10,5,0,81,2.6543293,0,4
6,3,t1,10,5,0,102,2.4246459,0,5
6,3,t1,10,5,0,120,1.43051147e-06,0,255
6,3,t1,11,0,0,125,1.62377131,1,0
6,3,t1,11,0,0,107,1.40364254,0,1
6,3,t1,11,0,0,116,1.38279521,0,2
6,3,t1,11,0,0,78,1.17760563,0,3
6,3,t1,11,0,0,110,1.11148572,0,4
6,3,t1,11,0,0,81,0.958117604,0,5
6,3,t1,11,0,0,112,2.63024122e-05,0,255
6,3,t1,11,1,0,123,1.81355655,1,0
6,3,t1,11,1,0,78,1.72640514,0,1
6,3,t1,11,1,0,120,1.54075742,0,2
6,3,t1,11,1,0,81,1.48529267,0,3
6,3,t1,11,1,0,84,1.22049367,0,4
6,3,t1,11,1,0,79,1.10931492,0,5
6,3,t1,11,1,0,106,0.000164300203,0,255
6,3,t1,11,2,0,122,2.65358448,1,0
6,3,t1,11,2,0,116,2.12176561,0,1
6,3,t1,11,2,0,107,1.82498908,0,2
6,3,t1,11,2,0,110,1.54930449,0,3
6,3,t1,11,2,0,119,1.51534843,0,4
6,3,t1,11,2,0,115,1.16423476,0,5
6,3,t1,11,2,0,91,1.67526305e-05,0,255
6,3,t1,11,3,0,120,2.53063893,1,0
6,3,t1,11,3,0,78,1.79844511,0,1
6,3,t1,11,3,0,81,1.55440617,0,2
6,3,t1,11,3,0,84,1.28292489,0,3
6,3,t1,11,3,0,79,1.16032922,0,4
6,3,t1,11,3,0,117,1.11511171,0,5
6,3,t1,11,3,0,92,0.00656469911,0,255
6,3,t1,11,4,0,119,3.94398832,1,0
6,3,t1,11,4,0,116,3.6420877,0,1
6,3,t1,11,4,0,107,2.47844267,0,2
6,3,t1,11,4,0,110,2.28629446,0,3
6,3,t1,11,4,0,115,2.08344531,0,4
6,3,t1,11,4,0,104,1.39217937,0,5
6,3,t1,11,4,0,111,7.93556683e-05,0,255
6,3,t1,11,5,0,117,2.57047868,1,0
6,3,t1,11,5,0,78,1.99712586,0,1
6,3,t1,11,5,0,81,1.74804544,0,2
6,3,t1,11,5,0,84,1.46237195,0,3
6,3,t1,11,5,0,79,1.31073821,0,4
6,3,t1,11,5,0,111,1.134848,0,5
6,3,t1,11,5,0,106,0.000862896442,0,255
6,3,t1,12,0,0,116,1.56304193,1,0
6,3,t1,12,0,0,107,1.52666628,0,1
6,3,t1,12,0,0,125,1.50956106,0,2
6,3,t1,12,0,0,110,1.23533821,0,3
6,3,t1,12,0,0,78,1.12683845,0,4
6,3,t1,12,0,0,122,0.91538614,0,5
6,3,t1,12,0,0,91,0.000301128253,0,255
6,3,t1,12,1,0,117,4.19551945,1,0
6,3,t1,12,1,0,111,4.01904106,0,1
6,3,t1,12,1,0,112,2.79583621,0,2
6,3,t1,12,1,0,78,2.72508001,0,3
6,3,t1,12,1,0,114,2.55311012,0,4
6,3,t1,12,1,0,81,2.47366238,0,5
6,3,t1,12,1,0,98,0.00940269232,0,255
6,3,t1,12,2,0,111,4.01904106,1,0
6,3,t1,12,2,0,119,3.05298638,0,1
6,3,t1,12,2,0,112,2.79583621,0,2
6,3,t1,12,2,0,78,2.72508001,0,3
6,3,t1,12,2,0,114,2.55311012,0,4
6,3,t1,12,2,0,81,2.47366238,0,5
6,3,t1,12,2,0,98,0.00940269232,0,255
6,3,t1,12,3,0,110,7.14927721,1,0
6,3,t1,12,3,0,107,4.93628597,0,1
6,3,t1,12,3,0,119,3.05298638,0,2
6,3,t1,12,3,0,104,2.28726244,0,3
6,3,t1,12,3,0,125,2.14101315,0,4
6,3,t1,12,3,0,122,1.83906901,0,5
6,3,t1,12,3,0,86,0.000775513705,0,255
6,3,t1,12,4,0,108,4.12505293,1,0
6,3,t1,12,4,0,102,3.31215167,0,1
6,3,t1,12,4,0,78,3.20661855,0,2
6,3,t1,12,4,0,119,3.05298638,0,3
6,3,t1,12,4,0,81,2.96744299,0,4
6,3,t1,12,4,0,84,2.63493896,0,5
6,3,t1,12,4,0,104,0.000156670809,0,255
6,3,t1,12,5,0,107,7.23376036,1,0
6,3,t1,12,5,0,119,3.05298638,0,1
6,3,t1,12,5,0,104,2.32920194,0,2
6,3,t1,12,5,0,125,2.14101315,0,3
6,3,t1,12,5,0,122,1.83906901,0,4
6,3,t1,12,5,0,78,1.53972065,0,5
6,3,t1,12,5,0,96,0.001356747,0,255
6,3,t1,13,0,0,125,1.5116365,1,0
6,3,t1,13,0,0,116,1.4071523,0,1
6,3,t1,13,0,0,107,1.39941776,0,2
6,3,t1,13,0,0,78,1.20330954,0,3
6,3,t1,13,0,0,110,1.16649866,0,4
6,3,t1,13,0,0,81,0.981845319,0,5
6,3,t1,13,0,0,94,6.86300918e-05,0,255
6,3,t1,13,1,0,78,1.74305212,1,0
6,3,t1,13,1,0,123,1.63347292,0,1
6,3,t1,13,1,0,81,1.50089693,0,2
6,3,t1,13,1,0,120,1.28708017,0,3
6,3,t1,13,1,0,84,1.23433292,0,4
6,3,t1,13,1,0,79,1.12095654,0,5
6,3,t1,13,1,0,106,0.000402249396,0,255
6,3,t1,13,2,0,89,3.23269773,1,0
6,3,t1,13,2,0,95,3.18799996,0,1
6,3,t1,13,2,0,107,3.00561595,0,2
6,3,t1,13,2,0,80,2.9873693,0,3
6,3,t1,13,2,0,92,2.98655295,0,4
6,3,t1,13,2,0,104,2.41576409,0,5
6,3,t1,13,2,0,114,0.0170609951,0,255
6,3,t1,13,3,0,90,3.77339101,1,0
6,3,t1,13,3,0,93,2.01211905,0,1
6,3,t1,13,3,0,102,1.88294196,0,2
6,3,t1,13,3,0,123,1.72939265,0,3
6,3,t1,13,3,0,77,1.50926077,0,4
6,3,t1,13,3,0,120,1.43054652,0,5
6,3,t1,13,3,0,106,0.00175179541,0,255
6,3,t1,13,4,0,92,3.02713847,1,0
6,3,t1,13,4,0,95,2.635391,0,1
6,3,t1,13,4,0,107,2.24806571,0,2
6,3,t1,13,4,0,104,1.64903641,0,3
6,3,t1,13,4,0,98,1.56095529,0,4
6,3,t1,13,4,0,77,1.50926077,0,5
6,3,t1,13,4,0,113,0.0268523693,0,255
6,3,t1,13,5,0,93,5.16434956,1,0
6,3,t1,13,5,0,102,2.63509488,0,1
6,3,t1,13,5,0,99,1.97195601,0,2
6,3,t1,13,5,0,123,1.81538355,0,3
6,3,t1,13,5,0,120,1.54249787,0,4
6,3,t1,13,5,0,77,1.50926197,0,5
6,3,t1,13,5,0,78,1.1920929e-06,0,255
6,3,t1,14,0,0,107,1.42794335,1,0
6,3,t1,14,0,0,125,1.39950311,0,1
6,3,t1,14,0,0,116,1.39771247,0,2
6,3,t1,14,0,0,110,1.17921793,0,3
6,3,t1,14,0,0,78,0.89067018,0,4
6,3,t1,14,0,0,122,0.885970116,0,5
6,3,t1,14,0,0,105,7.44117424e-05,0,255
6,3,t1,14,1,0,102,6.07626915,1,0
6,3,t1,14,1,0,105,5.06462717,0,1
6,3,t1,14,1,0,108,4.96017981,0,2
6,3,t1,14,1,0,99,3.56412029,0,3
6,3,t1,14,1,0,78,3.47062469,0,4
6,3,t1,14,1,0,81,3.44948101,0,5
6,3,t1,14,1,0,118,0.0158156157,0,255
6,3,t1,14,2,0,98,5.2718749,1,0
6,3,t1,14,2,0,101,5.26537275,0,1
6,3,t1,14,2,0,108,4.96017981,0,2
6,3,t1,14,2,0,95,4.26345348,0,3
6,3,t1,14,2,0,111,2.95880508,0,4
6,3,t1,14,2,0,109,2.15719652,0,5
6,3,t1,14,2,0,83,0.000129884109,0,255
6,3,t1,14,3,0,108,4.96017981,1,0
6,3,t1,14,3,0,81,3.43366313,0,1
6,3,t1,14,3,0,78,3.36197329,0,2
6,3,t1,14,3,0,84,3.28396511,0,3
6,3,t1,14,3,0,111,2.95880508,0,4
6,3,t1,14,3,0,93,2.65657663,0,5
6,3,t1,14,3,0,118,0.0158156157,0,255
6,3,t1,14,4,0,110,4.93963432,1,0
6,3,t1,14,4,0,81,3.43366313,0,1
6,3,t1,14,4,0,78,3.36197329,0,2
6,3,t1,14,4,0,84,3.28396511,0,3
6,3,t1,14,4,0,116,2.65817404,0,4
6,3,t1,14,4,0,93,2.65657663,0,5
6,3,t1,14,4,0,112,0.00701887347,0,255
6,3,t1,14,5,0,111,5.1566844,1,0
6,3,t1,14,5,0,81,3.43366337,0,1
6,3,t1,14,5,0,78,3.36197352,0,2
6,3,t1,14,5,0,84,3.28396535,0,3
6,3,t1,14,5,0,93,2.65657687,0,4
6,3,t1,14,5,0,87,2.45713568,0,5
6,3,t1,14,5,0,98,2.38418579e-07,0,255
6,3,t1,15,0,0,116,1.4534446,1,0
6,3,t1,15,0,0,125,1.40152955,0,1
6,3,t1,15,0,0,107,1.27742517,0,2
6,3,t1,15,0,0,110,1.07976079,0,3
6,3,t1,15,0,0,78,0.906445086,0,4
6,3,t1,15,0,0,122,0.904640555,0,5
6,3,t1,15,0,0,105,2.31014565e-06,0,255
6,3,t1,15,1,0,117,3.66666579,1,0
6,3,t1,15,1,0,111,3.49961329,0,1
6,3,t1,15,1,0,112,2.41180372,0,2
6,3,t1,15,1,0,78,2.31975198,0,3
6,3,t1,15,1,0,114,2.2734344,0,4
6,3,t1,15,1,0,81,2.21495056,0,5
6,3,t1,15,1,0,116,1.07288361e-06,0,255
6,3,t1,15,2,0,111,3.49961233,1,0
6,3,t1,15,2,0,119,3.07014728,0,1
6,3,t1,15,2,0,112,2.41180277,0,2
6,3,t1,15,2,0,78,2.31975102,0,3
6,3,t1,15,2,0,114,2.27343345,0,4
6,3,t1,15,2,0,81,2.21494961,0,5
6,3,t1,15,2,0,110,0.0114282575,0,255
6,3,t1,15,3,0,110,5.5743227,1,0
6,3,t1,15,3,0,107,3.81370473,0,1
6,3,t1,15,3,0,119,3.07014728,0,2
6,3,t1,15,3,0,104,1.98685217,0,3
6,3,t1,15,3,0,125,1.96404552,0,4
6,3,t1,15,3,0,122,1.76650071,0,5
6,3,t1,15,3,0,88,0.000244485564,0,255
6,3,t1,15,4,0,108,3.46046877,1,0
6,3,t1,15,4,0,119,3.07014728,0,1
6,3,t1,15,4,0,102,2.86699414,0,2
6,3,t1,15,4,0,78,2.66385674,0,3
6,3,t1,15,4,0,81,2.58249736,0,4
6,3,t1,15,4,0,84,2.36968088,0,5
6,3,t1,15,4,0,95,0.00177697279,0,255
6,3,t1,15,5,0,107,5.63590384,1,0
6,3,t1,15,5,0,119,3.07014728,0,1
6,3,t1,15,5,0,104,2.11639476,0,2
6,3,t1,15,5,0,125,1.96404552,0,3
6,3,t1,15,5,0,122,1.76650071,0,4
6,3,t1,15,5,0,78,1.27787268,0,5
6,3,t1,15,5,0,100,0.00436636573,0,255
6,3,t1,16,0,0,125,1.40494359,1,0
6,3,t1,16,0,0,116,1.31029093,0,1
6,3,t1,16,0,0,107,1.17076051,0,2
6,3,t1,16,0,0,110,1.01770663,0,3
6,3,t1,16,0,0,78,0.970627248,0,4
6,3,t1,16,0,0,122,0.924963534,0,5
6,3,t1,16,0,0,100,0.00197250443,0,255
6,3,t1,16,1,0,123,1.61315393,1,0
6,3,t1,16,1,0,78,1.45073795,0,1
6,3,t1,16,1,0,81,1.32496786,0,2
6,3,t1,16,1,0,120,1.22273171,0,3
6,3,t1,16,1,0,84,1.13917196,0,4
6,3,t1,16,1,0,79,0.908403695,0,5
6,3,t1,16,1,0,89,0.000837024301,0,255
6,3,t1,16,2,0,122,2.47131562,1,0
6,3,t1,16,2,0,116,1.96644139,0,1
6,3,t1,16,2,0,119,1.60644412,0,2
6,3,t1,16,2,0,107,1.51803946,0,3
6,3,t1,16,2,0,110,1.40129757,0,4
6,3,t1,16,2,0,115,1.14451194,0,5
6,3,t1,16,2,0,96,8.40199646e-05,0,255
6,3,t1,16,3,0,120,2.20612097,1,0
6,3,t1,16,3,0,78,1.54908001,0,1
6,3,t1,16,3,0,81,1.42405021,0,2
6,3,t1,16,3,0,84,1.23306239,0,3
6,3,t1,16,3,0,79,0.980746508,0,4
6,3,t1,16,3,0,117,0.855900347,0,5
6,3,t1,16,3,0,92,0.000174507499,0,255
6,3,t1,16,4,0,119,3.61412048,1,0
6,3,t1,16,4,0,116,3.12127328,0,1
6,3,t1,16,4,0,107,1.9690454,0,2
6,3,t1,16,4,0,110,1.9431076,0,3
6,3,t1,16,4,0,115,1.85256577,0,4
6,3,t1,16,4,0,104,1.23040295,0,5
6,3,t1,16,4,0,88,0.000252574682,0,255
6,3,t1,16,5,0,117,2.2478888,1,0
6,3,t1,16,5,0,78,1.77512395,0,1
6,3,t1,16,5,0,81,1.65374959,0,2
6,3,t1,16,5,0,84,1.45375645,0,3
6,3,t1,16,5,0,79,1.1534282,0,4
6,3,t1,16,5,0,102,1.11828387,0,5
6,3,t1,16,5,0,92,0.00127871335,0,255
6,3,t1,17,0,0,116,1.45026064,1,0
6,3,t1,17,0,0,125,1.31084991,0,1
6,3,t1,17,0,0,107,1.26030374,0,2
6,3,t1,17,0,0,110,1.11227608,0,3
6,3,t1,17,0,0,78,0.935092151,0,4
6,3,t1,17,0,0,122,0.90793407,0,5
6,3,t1,17,0,0,105,9.81120393e-05,0,255
6,3,t1,17,1,0,111,3.09821415,1,0
6,3,t1,17,1,0,117,3.08963156,0,1
6,3,t1,17,1,0,78,2.35534954,0,2
6,3,t1,17,1,0,81,2.25159407,0,3
6,3,t1,17,1,0,112,2.114815,0,4
6,3,t1,17,1,0,114,2.0502429,0,5
6,3,t1,17,1,0,116,2.38418579e-07,0,255
6,3,t1,17,2,0,110,4.95793056,1,0
6,3,t1,17,2,0,107,3.35529208,0,1
6,3,t1,17,2,0,117,3.08963156,0,2
6,3,t1,17,2,0,120,1.79415369,0,3
6,3,t1,17,2,0,104,1.71049166,0,4
6,3,t1,17,2,0,78,1.07652664,0,5
6,3,t1,17,2,0,116,2.38418579e-07,0,255
6,3,t1,17,3,0,108,3.17964792,1,0
6,3,t1,17,3,0,117,3.08963156,0,1
6,3,t1,17,3,0,102,2.97647095,0,2
6,3,t1,17,3,0,78,2.71836376,0,3
6,3,t1,17,3,0,81,2.6391921,0,4
6,3,t1,17,3,0,84,2.42617917,0,5
6,3,t1,17,3,0,116,2.38418579e-07,0,255
6,3,t1,17,4,0,107,5.00931454,1,0
6,3,t1,17,4,0,117,3.08963156,0,1
6,3,t1,17,4,0,104,1.8424412,0,2
6,3,t1,17,4,0,120,1.79415369,0,3
6,3,t1,17,4,0,78,1.37281978,0,4
6,3,t1,17,4,0,81,1.24957645,0,5
6,3,t1,17,4,0,116,2.38418579e-07,0,255
6,3,t1,17,5,0,102,5.17156649,1,0
6,3,t1,17,5,0,105,4.66740799,0,1
6,3,t1,17,5,0,78,3.36399794,0,2
6,3,t1,17,5,0,81,3.335536,0,3
6,3,t1,17,5,0,99,3.23556471,0,4
6,3,t1,17,5,0,84,3.13448429,0,5
6,3,t1,17,5,0,116,2.38418579e-07,0,255
6,3,t1,18,0,0,125,1.27437532,1,0
6,3,t1,18,0,0,116,1.19545805,0,1
6,3,t1,18,0,0,107,1.08254051,0,2
6,3,t1,18,0,0,110,0.965629339,0,3
6,3,t1,18,0,0,78,0.871094763,0,4
6,3,t1,18,0,0,122,0.811888874,0,5
6,3,t1,18,0,0,91,0.000440982403,0,255
6,3,t1,18,1,0,123,1.52548766,1,0
6,3,t1,18,1,0,78,1.30721688,0,1
6,3,t1,18,1,0,81,1.18105352,0,2
6,3,t1,18,1,0,120,1.167485,0,3
6,3,t1,18,1,0,84,1.00072837,0,4
6,3,t1,18,1,0,79,0.792507052,0,5
6,3,t1,18,1,0,113,0.000573299825,0,255
6,3,t1,18,2,0,122,2.23310828,1,0
6,3,t1,18,2,0,116,1.82839298,0,1
6,3,t1,18,2,0,107,1.4265368,0,2
6,3,t1,18,2,0,119,1.39812279,0,3
6,3,t1,18,2,0,110,1.3516674,0,4
6,3,t1,18,2,0,115,1.07960486,0,5
6,3,t1,18,2,0,123,4.76837158e-07,0,255
6,3,t1,18,3,0,120,2.05809784,1,0
6,3,t1,18,3,0,78,1.38752353,0,1
6,3,t1,18,3,0,81,1.26138473,0,2
6,3,t1,18,3,0,84,1.07593048,0,3
6,3,t1,18,3,0,117,0.857599437,0,4
6,3,t1,18,3,0,79,0.849615514,0,5
6,3,t1,18,3,0,122,4.76837158e-07,0,255
6,3,t1,18,4,0,119,3.17475128,1,0
6,3,t1,18,4,0,116,2.91617513,0,1
6,3,t1,18,4,0,110,1.88424289,0,2
6,3,t1,18,4,0,107,1.86187994,0,3
6,3,t1,18,4,0,115,1.75811398,0,4
6,3,t1,18,4,0,104,1.31909049,0,5
6,3,t1,18,4,0,122,4.76837158e-07,0,255
6,3,t1,18,5,0,117,2.10875297,1,0
6,3,t1,18,5,0,78,1.57030451,0,1
6,3,t1,18,5,0,81,1.44588399,0,2
6,3,t1,18,5,0,84,1.25131106,0,3
6,3,t1,18,5,0,79,0.985334516,0,4
6,3,t1,18,5,0,102,0.866242826,0,5
6,3,t1,18,5,0,122,4.76837158e-07,0,255
6,3,t1,19,0,0,116,1.32211959,1,0
6,3,t1,19,0,0,125,1.19079506,0,1
6,3,t1,19,0,0,107,1.16454005,0,2
6,3,t1,19,0,0,110,1.05343258,0,3
6,3,t1,19,0,0,104,0.847291529,0,4
6,3,t1,19,0,0,78,0.839591563,0,5
6,3,t1,19,0,0,105,2.41792295e-05,0,255
6,3,t1,19,1,0,117,3.08039355,1,0
6,3,t1,19,1,0,111,2.74399185,0,1
6,3,t1,19,1,0,78,2.12752557,0,2
6,3,t1,19,1,0,81,2.01683211,0,3
6,3,t1,19,1,0,112,1.85371494,0,4
6,3,t1,19,1,0,114,1.85103369,0,5
6,3,t1,19,1,0,95,0.00640927255,0,255
6,3,t1,19,2,0,111,2.74399185,1,0
6,3,t1,19,2,0,119,2.61517692,0,1
6,3,t1,19,2,0,78,2.12752557,0,2
6,3,t1,19,2,0,81,2.01683211,0,3
6,3,t1,19,2,0,112,1.85371494,0,4
6,3,t1,19,2,0,114,1.85103369,0,5
6,3,t1,19,2,0,95,0.00640927255,0,255
6,3,t1,19,3,0,110,4.43806028,1,0
6,3,t1,19,3,0,107,2.97409201,0,1
6,3,t1,19,3,0,119,2.61517692,0,2
6,3,t1,19,3,0,104,1.73609543,0,3
6,3,t1,19,3,0,125,1.65880716,0,4
6,3,t1,19,3,0,122,1.53199625,0,5
6,3,t1,19,3,0,88,7.08485022e-05,0,255
6,3,t1,19,4,0,108,2.92056131,1,0
6,3,t1,19,4,0,119,2.61517692,0,1
6,3,t1,19,4,0,102,2.53070593,0,2
6,3,t1,19,4,0,78,2.47439504,0,3
6,3,t1,19,4,0,81,2.38442969,0,4
6,3,t1,19,4,0,84,2.17077613,0,5
6,3,t1,19,4,0,98,0.00576524436,0,255
6,3,t1,19,5,0,107,4.48110247,1,0
6,3,t1,19,5,0,119,2.61517692,0,1
6,3,t1,19,5,0,104,1.94232714,0,2
6,3,t1,19,5,0,125,1.65880716,0,3
6,3,t1,19,5,0,122,1.53199625,0,4
6,3,t1,19,5,0,78,1.24527383,0,5
6,3,t1,19,5,0,94,0.000198114663,0,255
6,3,t1,20,0,0,125,1.19127345,1,0
6,3,t1,20,0,0,116,1.1850785,0,1
6,3,t1,20,0,0,107,1.05422032,0,2
6,3,t1,20,0,0,110,0.97623992,0,3
6,3,t1,20,0,0,78,0.905025244,0,4
6,3,t1,20,0,0,122,0.807640553,0,5
6,3,t1,20,0,0,111,8.73131212e-05,0,255
6,3,t1,20,1,0,123,1.38575518,1,0
6,3,t1,20,1,0,78,1.33707345,0,1
6,3,t1,20,1,0,81,1.21058798,0,2
6,3,t1,20,1,0,84,1.02833843,0,3
6,3,t1,20,1,0,120,0.997635186,0,4
6,3,t1,20,1,0,79,0.81440109,0,5
6,3,t1,20,1,0,89,0.000468954444,0,255
6,3,t1,20,2,0,122,2.07143664,1,0
6,3,t1,20,2,0,116,1.75832856,0,1
6,3,t1,20,2,0,119,1.37027919,0,2
6,3,t1,20,2,0,107,1.36021674,0,3
6,3,t1,20,2,0,110,1.32883,0,4
6,3,t1,20,2,0,115,1.05551243,0,5
6,3,t1,20,2,0,88,6.28119597e-05,0,255
6,3,t1,20,3,0,120,1.84213793,1,0
6,3,t1,20,3,0,78,1.43128848,0,1
6,3,t1,20,3,0,81,1.30504775,0,2
6,3,t1,20,3,0,84,1.11724555,0,3
6,3,t1,20,3,0,79,0.882673144,0,4
6,3,t1,20,3,0,117,0.733412981,0,5
6,3,t1,20,3,0,113,0.00161443651,0,255
6,3,t1,20,4,0,119,2.89042783,1,0
6,3,t1,20,4,0,116,2.68545771,0,1
6,3,t1,20,4,0,110,1.78231978,0,2
6,3,t1,20,4,0,107,1.71990979,0,3
6,3,t1,20,4,0,115,1.62968636,0,4
6,3,t1,20,4,0,104,1.20516193,0,5
6,3,t1,20,4,0,86,0.000661792234,0,255
6,3,t1,20,5,0,117,1.89452338,1,0
6,3,t1,20,5,0,78,1.62783623,0,1
6,3,t1,20,5,0,81,1.50392747,0,2
6,3,t1,20,5,0,84,1.3069905,0,3
6,3,t1,20,5,0,79,1.02997446,0,4
6,3,t1,20,5,0,102,0.937825561,0,5
6,3,t1,20,5,0,92,0.000594634563,0,255
6,3,t1,21,0,0,116,1.29068291,1,0
6,3,t1,21,0,0,107,1.12154627,0,1
6,3,t1,21,0,0,125,1.11453581,0,2
6,3,t1,21,0,0,110,1.04987884,0,3
6,3,t1,21,0,0,78,0.879668593,0,4
6,3,t1,21,0,0,104,0.809285164,0,5
6,3,t1,21,0,0,91,0.000431497814,0,255
6,3,t1,21,1,0,117,2.63555098,1,0
6,3,t1,21,1,0,111,2.44965792,0,1
6,3,t1,21,1,0,78,2.16746283,0,2
6,3,t1,21,1,0,81,2.05789852,0,3
6,3,t1,21,1,0,84,1.84721243,0,4
6,3,t1,21,1,0,102,1.74977112,0,5
6,3,t1,21,1,0,116,1.07288361e-06,0,255
6,3,t1,21,2,0,119,2.4544065,1,0
6,3,t1,21,2,0,111,2.44965672,0,1
6,3,t1,21,2,0,78,2.16746211,0,2
6,3,t1,21,2,0,81,2.05789733,0,3
6,3,t1,21,2,0,84,1.84721136,0,4
6,3,t1,21,2,0,102,1.74977028,0,5
6,3,t1,21,2,0,116,9.31322575e-10,0,255
6,3,t1,21,3,0,111,2.44965672,1,0
6,3,t1,21,3,0,78,2.16746259,0,1
6,3,t1,21,3,0,81,2.05789733,0,2
6,3,t1,21,3,0,120,1.93711591,0,3
6,3,t1,21,3,0,84,1.84721184,0,4
6,3,t1,21,3,0,102,1.74977076,0,5
6,3,t1,21,3,0,116,4.76837158e-07,0,255
6,3,t1,21,4,0,110,3.97613955,1,0
6,3,t1,21,4,0,107,2.63125205,0,1
6,3,t1,21,4,0,120,1.93711591,0,2
6,3,t1,21,4,0,104,1.51408839,0,3
6,3,t1,21,4,0,78,1.08244407,0,4
6,3,t1,21,4,0,81,0.955853879,0,5
6,3,t1,21,4,0,116,4.76837158e-07,0,255
6,3,t1,21,5,0,108,2.69940543,1,0
6,3,t1,21,5,0,102,2.62702513,0,1
6,3,t1,21,5,0,78,2.52211666,0,2
6,3,t1,21,5,0,81,2.43402529,0,3
6,3,t1,21,5,0,84,2.22002864,0,4
6,3,t1,21,5,0,120,1.93711591,0,5
6,3,t1,21,5,0,110,4.76837158e-07,0,255
6,3,t1,22,0,0,116,1.10703135,1,0
6,3,t1,22,0,0,107,1.09063387,0,1
6,3,t1,22,0,0,125,1.08501315,0,2
6,3,t1,22,0,0,110,0.935501635,0,3
6,3,t1,22,0,0,78,0.90589273,0,4
6,3,t1,22,0,0,81,0.783905745,0,5
6,3,t1,22,0,0,111,0.000158661278,0,255
6,3,t1,22,1,0,117,2.42320275,1,0
6,3,t1,22,1,0,111,2.18640113,0,1
6,3,t1,22,1,0,78,2.11030173,0,2
6,3,t1,22,1,0,81,1.99914801,0,3
6,3,t1,22,1,0,84,1.78899586,0,4
6,3,t1,22,1,0,102,1.66824031,0,5
6,3,t1,22,1,0,95,0.0109145641,0,255
6,3,t1,22,2,0,111,2.18640113,1,0
6,3,t1,22,2,0,119,2.17905617,0,1
6,3,t1,22,2,0,78,2.11030173,0,2
6,3,t1,22,2,0,81,1.99914801,0,3
6,3,t1,22,2,0,84,1.78899586,0,4
6,3,t1,22,2,0,102,1.66824031,0,5
6,3,t1,22,2,0,95,0.0109145641,0,255
6,3,t1,22,3,0,110,3.58064437,1,0
6,3,t1,22,3,0,107,2.58872533,0,1
6,3,t1,22,3,0,119,2.17905617,0,2
6,3,t1,22,3,0,125,1.48649156,0,3
6,3,t1,22,3,0,104,1.48040366,0,4
6,3,t1,22,3,0,122,1.32865167,0,5
6,3,t1,22,3,0,100,0.000258084619,0,255
6,3,t1,22,4,0,102,2.51096153,1,0
6,3,t1,22,4,0,108,2.49494123,0,1
6,3,t1,22,4,0,78,2.46002173,0,2
6,3,t1,22,4,0,81,2.36914992,0,3
6,3,t1,22,4,0,119,2.17905617,0,4
6,3,t1,22,4,0,84,2.15505219,0,5
6,3,t1,22,4,0,98,0.00402349234,0,255
6,3,t1,22,5,0,101,4.91059971,1,0
6,3,t1,22,5,0,98,4.34490681,0,1
6,3,t1,22,5,0,104,3.97027278,0,2
6,3,t1,22,5,0,95,3.5913496,0,3
6,3,t1,22,5,0,119,2.17905617,0,4
6,3,t1,22,5,0,107,2.00945878,0,5
6,3,t1,22,5,0,102,2.38418579e-07,0,255
6,3,t1,23,0,0,107,1.08642328,1,0
6,3,t1,23,0,0,125,1.0803293,0,1
6,3,t1,23,0,0,116,0.984890223,0,2
6,3,t1,23,0,0,78,0.883656204,0,3
6,3,t1,23,0,0,110,0.852695942,0,4
6,3,t1,23,0,0,104,0.839375198,0,5
6,3,t1,23,0,0,96,1.85420504e-06,0,255
6,3,t1,23,1,0,105,4.14521122,1,0
6,3,t1,23,1,0,102,4.04377842,0,1
6,3,t1,23,1,0,108,3.06862807,0,2
6,3,t1,23,1,0,78,2.9790647,0,3
6,3,t1,23,1,0,81,2.92681074,0,4
6,3,t1,23,1,0,84,2.7182436,0,5
6,3,t1,23,1,0,107,2.38418579e-07,0,255
6,3,t1,23,2,0,104,6.49079323,1,0
6,3,t1,23,2,0,108,3.06862807,0,1
6,3,t1,23,2,0,111,1.45970273,0,2
6,3,t1,23,2,0,109,1.35304618,0,3
6,3,t1,23,2,0,78,1.19856048,0,4
6,3,t1,23,2,0,95,1.10053325,0,5
6,3,t1,23,2,0,107,2.38418579e-07,0,255
6,3,t1,23,3,0,102,6.19558287,1,0
6,3,t1,23,3,0,99,3.41867566,0,1
6,3,t1,23,3,0,78,3.16811538,0,2
6,3,t1,23,3,0,81,3.1466701,0,3
6,3,t1,23,3,0,108,3.06862807,0,4
6,3,t1,23,3,0,84,2.94822598,0,5
6,3,t1,23,3,0,104,5.96046448e-08,0,255
6,3,t1,23,4,0,101,4.43288565,1,0
6,3,t1,23,4,0,98,4.04106188,0,1
6,3,t1,23,4,0,95,3.36786795,0,2
6,3,t1,23,4,0,108,3.06862807,0,3
6,3,t1,23,4,0,111,1.45970273,0,4
6,3,t1,23,4,0,97,1.40249372,0,5
6,3,t1,23,4,0,104,5.96046448e-08,0,255
6,3,t1,23,5,0,108,3.06862807,1,0
6,3,t1,23,5,0,99,2.69958043,0,1
6,3,t1,23,5,0,78,2.33309031,0,2
6,3,t1,23,5,0,81,2.27801657,0,3
6,3,t1,23,5,0,84,2.069556,0,4
6,3,t1,23,5,0,79,1.46734691,0,5
6,3,t1,23,5,0,104,5.96046448e-08,0,255
6,3,t1,24,0,0,125,1.0690248,1,0
6,3,t1,24,0,0,116,0.939119756,0,1
6,3,t1,24,0,0,107,0.918348551,0,2
6,3,t1,24,0,0,78,0.874423563,0,3
6,3,t1,24,0,0,110,0.799172819,0,4
6,3,t1,24,0,0,81,0.752990663,0,5
6,3,t1,24,0,0,111,8.10114798e-05,0,255
6,3,t1,24,1,0,123,1.33604217,1,0
6,3,t1,24,1,0,78,1.28316021,0,1
6,3,t1,24,1,0,81,1.15637755,0,2
6,3,t1,24,1,0,120,0.991499901,0,3
6,3,t1,24,1,0,84,0.975576878,0,4
6,3,t1,24,1,0,79,0.76876384,0,5
6,3,t1,24,1,0,106,0.00194067508,0,255
6,3,t1,24,2,0,122,1.85344863,1,0
6,3,t1,24,2,0,116,1.46126306,0,1
6,3,t1,24,2,0,107,1.22243309,0,2
6,3,t1,24,2,0,119,1.16295028,0,3
6,3,t1,24,2,0,110,1.13588238,0,4
6,3,t1,24,2,0,104,0.958946049,0,5
6,3,t1,24,2,0,105,0.000386166503,0,255
6,3,t1,24,3,0,120,1.75379252,1,0
6,3,t1,24,3,0,78,1.35992956,0,1
6,3,t1,24,3,0,81,1.23314679,0,2
6,3,t1,24,3,0,84,1.04724109,0,3
6,3,t1,24,3,0,79,0.822661161,0,4
6,3,t1,24,3,0,117,0.64942199,0,5
6,3,t1,24,3,0,97,0.000630917028,0,255
6,3,t1,24,4,0,119,2.52754354,1,0
6,3,t1,24,4,0,116,2.30939102,0,1
6,3,t1,24,4,0,107,1.58181477,0,2
6,3,t1,24,4,0,110,1.57265961,0,3
6,3,t1,24,4,0,115,1.41390514,0,4
6,3,t1,24,4,0,104,1.20931852,0,5
6,3,t1,24,4,0,86,5.10823447e-05,0,255
6,3,t1,24,5,0,117,1.5895164,1,0
6,3,t1,24,5,0,78,1.51977611,0,1
6,3,t1,24,5,0,81,1.39444125,0,2
6,3,t1,24,5,0,84,1.20001805,0,3
6,3,t1,24,5,0,79,0.939406335,0,4
6,3,t1,24,5,0,87,0.723553121,0,5
6,3,t1,24,5,0,97,0.00818152726,0,255
6,3,t1,25,0,0,116,1.02278721,1,0
6,3,t1,25,0,0,125,1.00279403,0,1
6,3,t1,25,0,0,107,0.975078583,0,2
6,3,t1,25,0,0,110,0.859120727,0,3
6,3,t1,25,0,0,78,0.85267818,0,4
6,3,t1,25,0,0,104,0.776339889,0,5
6,3,t1,25,0,0,88,5.06492506e-06,0,255
6,3,t1,25,1,0,117,2.11668324,1,0
6,3,t1,25,1,0,111,2.00587654,0,1
6,3,t1,25,1,0,78,1.9726764,0,2
6,3,t1,25,1,0,81,1.85774839,0,3
6,3,t1,25,1,0,84,1.64919305,0,4
6,3,t1,25,1,0,114,1.43956673,0,5
6,3,t1,25,1,0,116,3.57627869e-07,0,255
6,3,t1,25,2,0,119,2.0426538,1,0
6,3,t1,25,2,0,111,2.0058763,0,1
6,3,t1,25,2,0,78,1.97267604,0,2
6,3,t1,25,2,0,81,1.85774803,0,3
6,3,t1,25,2,0,84,1.64919269,0,4
6,3,t1,25,2,0,114,1.43956637,0,5
6,3,t1,25,2,0,92,0.00352156907,0,255
6,3,t1,25,3,0,111,2.0058763,1,0
6,3,t1,25,3,0,78,1.97267604,0,1
6,3,t1,25,3,0,81,1.85774803,0,2
6,3,t1,25,3,0,120,1.77319145,0,3
6,3,t1,25,3,0,84,1.64919269,0,4
6,3,t1,25,3,0,114,1.43956637,0,5
6,3,t1,25,3,0,92,0.00352156907,0,255
6,3,t1,25,4,0,110,3.19147706,1,0
6,3,t1,25,4,0,107,2.26001525,0,1
6,3,t1,25,4,0,120,1.77319145,0,2
6,3,t1,25,4,0,104,1.44093251,0,3
6,3,t1,25,4,0,78,1.04354835,0,4
6,3,t1,25,4,0,81,0.916738868,0,5
6,3,t1,25,4,0,111,2.38418579e-07,0,255
6,3,t1,25,5,0,108,2.43029928,1,0
6,3,t1,25,5,0,78,2.28604126,0,1
6,3,t1,25,5,0,81,2.18805575,0,2
6,3,t1,25,5,0,84,1.97406876,0,3
6,3,t1,25,5,0,102,1.94001496,0,4
6,3,t1,25,5,0,120,1.77319145,0,5
6,3,t1,25,5,0,111,2.38418579e-07,0,255
6,3,t1,26,0,0,125,0.979096115,1,0
6,3,t1,26,0,0,107,0.950271249,0,1
6,3,t1,26,0,0,116,0.879226685,0,2
6,3,t1,26,0,0,78,0.875680506,0,3
6,3,t1,26,0,0,110,0.764745951,0,4
6,3,t1,26,0,0,104,0.754165709,0,5
6,3,t1,26,0,0,91,5.72181889e-05,0,255
6,3,t1,26,1,0,78,1.26681018,1,0
6,3,t1,26,1,0,123,1.26293993,0,1
6,3,t1,26,1,0,81,1.13980746,0,2
6,3,t1,26,1,0,84,0.959278762,0,3
6,3,t1,26,1,0,120,0.953789473,0,4
6,3,t1,26,1,0,79,0.754554093,0,5
6,3,t1,26,1,0,106,0.00038189441,0,255
6,3,t1,26,2,0,95,3.03262949,1,0
6,3,t1,26,2,0,80,2.92829847,0,1
6,3,t1,26,2,0,89,2.78037167,0,2
6,3,t1,26,2,0,92,2.58570194,0,3
6,3,t1,26,2,0,98,2.24562454,0,4
6,3,t1,26,2,0,104,2.05767775,0,5
6,3,t1,26,2,0,99,0.0200401545,0,255
6,3,t1,26,3,0,99,4.25195932,1,0
6,3,t1,26,3,0,96,4.04454374,0,1
6,3,t1,26,3,0,102,3.39216971,0,2
6,3,t1,26,3,0,93,1.95660877,0,3
6,3,t1,26,3,0,123,1.67386127,0,4
6,3,t1,26,3,0,100,1.52844119,0,5
6,3,t1,26,3,0,98,0.00160414726,0,255
6,3,t1,26,4,0,104,3.11366749,1,0
6,3,t1,26,4,0,101,2.40837979,0,1
6,3,t1,26,4,0,107,2.38629627,0,2
6,3,t1,26,4,0,98,2.10017204,0,3
6,3,t1,26,4,0,93,1.9566077,0,4
6,3,t1,26,4,0,77,1.52252233,0,5
6,3,t1,26,4,0,121,0.0203391016,0,255
6,3,t1,26,5,0,105,5.68613005,1,0
6,3,t1,26,5,0,102,2.34526205,0,1
6,3,t1,26,5,0,98,2.10017276,0,2
6,3,t1,26,5,0,93,1.95660877,0,3
6,3,t1,26,5,0,123,1.93901432,0,4
6,3,t1,26,5,0,120,1.89288867,0,5
6,3,t1,26,5,0,99,7.4505806e-07,0,255
6,3,t1,27,0,0,107,0.940203488,1,0
6,3,t1,27,0,0,125,0.911198497,0,1
6,3,t1,27,0,0,116,0.854962707,0,2
6,3,t1,27,0,0,110,0.7492432,0,3
6,3,t1,27,0,0,104,0.682041287,0,4
6,3,t1,27,0,0,78,0.649344504,0,5
6,3,t1,27,0,0,111,2.56737098e-06,0,255
6,3,t1,27,1,0,105,3.80087256,1,0
6,3,t1,27,1,0,102,3.33190107,0,1
6,3,t1,27,1,0,108,2.78165245,0,2
6,3,t1,27,1,0,81,2.34678173,0,3
6,3,t1,27,1,0,78,2.32453108,0,4
6,3,t1,27,1,0,84,2.20846462,0,5
6,3,t1,27,1,0,104,0.0029733777,0,255
6,3,t1,27,2,0,104,5.27400827,1,0
6,3,t1,27,2,0,108,2.78165245,0,1
6,3,t1,27,2,0,111,1.31439233,0,2
6,3,t1,27,2,0,98,1.30679452,0,3
6,3,t1,27,2,0,109,1.22073054,0,4
6,3,t1,27,2,0,95,1.13775456,0,5
6,3,t1,27,2,0,86,0.00124078756,0,255
6,3,t1,27,3,0,102,5.02272463,1,0
6,3,t1,27,3,0,108,2.78165245,0,1
6,3,t1,27,3,0,99,2.57592702,0,2
6,3,t1,27,3,0,81,2.46892977,0,3
6,3,t1,27,3,0,78,2.42119431,0,4
6,3,t1,27,3,0,84,2.33995295,0,5
6,3,t1,27,3,0,118,0.00668138266,0,255
6,3,t1,27,4,0,101,4.23877382,1,0
6,3,t1,27,4,0,98,3.93856764,0,1
6,3,t1,27,4,0,95,2.90881562,0,2
6,3,t1,27,4,0,108,2.78165245,0,3
6,3,t1,27,4,0,111,1.31439233,0,4
6,3,t1,27,4,0,97,1.24473751,0,5
6,3,t1,27,4,0,83,0.000400025398,0,255
6,3,t1,27,5,0,108,2.78165245,1,0
6,3,t1,27,5,0,99,2.48904681,0,1
6,3,t1,27,5,0,81,1.98056948,0,2
6,3,t1,27,5,0,78,1.94910145,0,3
6,3,t1,27,5,0,84,1.84669769,0,4
6,3,t1,27,5,0,111,1.31439233,0,5
6,3,t1,27,5,0,118,0.00668138266,0,255
6,3,t1,28,0,0,125,0.902686656,1,0
6,3,t1,28,0,0,116,0.81928581,0,1
6,3,t1,28,0,0,107,0.79944098,0,2
6,3,t1,28,0,0,110,0.707239389,0,3
6,3,t1,28,0,0,78,0.654550731,0,4
6,3,t1,28,0,0,104,0.592854142,0,5
6,3,t1,28,0,0,96,0.000122225989,0,255
6,3,t1,28,1,0,123,1.28313696,1,0
6,3,t1,28,1,0,78,0.985605478,0,1
6,3,t1,28,1,0,120,0.979203701,0,2
6,3,t1,28,1,0,81,0.920982361,0,3
6,3,t1,28,1,0,84,0.791197181,0,4
6,3,t1,28,1,0,79,0.550458908,0,5
6,3,t1,28,1,0,113,2.98200175e-05,0,255
6,3,t1,28,2,0,122,1.66720426,1,0
6,3,t1,28,2,0,116,1.36261475,0,1
6,3,t1,28,2,0,107,1.12115669,0,2
6,3,t1,28,2,0,110,1.06703532,0,3
6,3,t1,28,2,0,119,0.995562792,0,4
6,3,t1,28,2,0,104,0.824816287,0,5
6,3,t1,28,2,0,105,0.000277899904,0,255
6,3,t1,28,3,0,120,1.66543126,1,0
6,3,t1,28,3,0,78,1.03720748,0,1
6,3,t1,28,3,0,81,0.974041939,0,2
6,3,t1,28,3,0,84,0.841205001,0,3
6,3,t1,28,3,0,79,0.584113359,0,4
6,3,t1,28,3,0,117,0.58375293,0,5
6,3,t1,28,3,0,97,1.93342566e-05,0,255
6,3,t1,28,4,0,119,2.22851849,1,0
6,3,t1,28,4,0,116,2.20238805,0,1
6,3,t1,28,4,0,110,1.50700212,0,2
6,3,t1,28,4,0,107,1.47727478,0,3
6,3,t1,28,4,0,115,1.35540807,0,4
6,3,t1,28,4,0,104,1.06254423,0,5
6,3,t1,28,4,0,80,0.000226773322,0,255
6,3,t1,28,5,0,117,1.34975743,1,0
6,3,t1,28,5,0,78,1.14762831,0,1
6,3,t1,28,5,0,81,1.08818519,0,2
6,3,t1,28,5,0,84,0.950317502,0,3
6,3,t1,28,5,0,79,0.660194457,0,4
6,3,t1,28,5,0,87,0.562827289,0,5
6,3,t1,28,5,0,97,0.00055558607,0,255
6,3,t1,29,0,0,116,0.892356217,1,0
6,3,t1,29,0,0,125,0.849802911,0,1
6,3,t1,29,0,0,107,0.849052191,0,2
6,3,t1,29,0,0,110,0.760133028,0,3
6,3,t1,29,0,0,78,0.636978924,0,4
6,3,t1,29,0,0,104,0.630046725,0,5
6,3,t1,29,0,0,111,6.5005388e-06,0,255
6,3,t1,29,1,0,117,1.93737257,1,0
6,3,t1,29,1,0,111,1.82844675,0,1
6,3,t1,29,1,0,78,1.54611635,0,2
6,3,t1,29,1,0,81,1.50333333,0,3
6,3,t1,29,1,0,120,1.40798485,0,4
6,3,t1,29,1,0,84,1.35676658,0,5
6,3,t1,29,1,0,89,0.00614953786,0,255
6,3,t1,29,2,0,111,1.82844675,1,0
6,3,t1,29,2,0,119,1.6900326,0,1
6,3,t1,29,2,0,78,1.54611635,0,2
6,3,t1,29,2,0,81,1.50333333,0,3
6,3,t1,29,2,0,84,1.35676658,0,4
6,3,t1,29,2,0,114,1.34067726,0,5
6,3,t1,29,2,0,89,0.00614953786,0,255
6,3,t1,29,3,0,110,2.87876654,1,0
6,3,t1,29,3,0,107,2.00948238,0,1
6,3,t1,29,3,0,119,1.6900326,0,2
6,3,t1,29,3,0,104,1.19231808,0,3
6,3,t1,29,3,0,125,1.19007885,0,4
6,3,t1,29,3,0,122,1.06071472,0,5
6,3,t1,29,3,0,86,2.83261907e-05,0,255
6,3,t1,29,4,0,108,2.26999235,1,0
6,3,t1,29,4,0,78,1.80210173,0,1
6,3,t1,29,4,0,81,1.77939069,0,2
6,3,t1,29,4,0,119,1.6900326,0,3
6,3,t1,29,4,0,84,1.63170087,0,4
6,3,t1,29,4,0,102,1.62756562,0,5
6,3,t1,29,4,0,92,0.00468316674,0,255
6,3,t1,29,5,0,107,3.3438158,1,0
6,3,t1,29,5,0,119,1.6900326,0,1
6,3,t1,29,5,0,104,1.50734556,0,2
6,3,t1,29,5,0,125,1.19007885,0,3
6,3,t1,29,5,0,122,1.06071472,0,4
6,3,t1,29,5,0,78,0.886260629,0,5
6,3,t1,29,5,0,91,7.02050165e-05,0,255
6,3,t1,30,0,0,125,0.849480748,1,0
6,3,t1,30,0,0,116,0.802658021,0,1
6,3,t1,30,0,0,107,0.767013788,0,2
6,3,t1,30,0,0,110,0.701857686,0,3
6,3,t1,30,0,0,78,0.685758531,0,4
6,3,t1,30,0,0,81,0.618699133,0,5
6,3,t1,30,0,0,91,2.2155873e-06,0,255
6,3,t1,30,1,0,123,1.17396915,1,0
6,3,t1,30,1,0,78,1.01519406,0,1
6,3,t1,30,1,0,81,0.95098722,0,2
6,3,t1,30,1,0,120,0.858107328,0,3
6,3,t1,30,1,0,84,0.819673896,0,4
6,3,t1,30,1,0,79,0.571537971,0,5
6,3,t1,30,1,0,113,5.30667603e-06,0,255
6,3,t1,30,2,0,122,1.55255628,1,0
6,3,t1,30,2,0,116,1.30015612,0,1
6,3,t1,30,2,0,107,1.05769789,0,2
6,3,t1,30,2,0,110,1.03383744,0,3
6,3,t1,30,2,0,119,0.969938874,0,4
6,3,t1,30,2,0,115,0.789340079,0,5
6,3,t1,30,2,0,105,0.000440018717,0,255
6,3,t1,30,3,0,120,1.50560665,1,0
6,3,t1,30,3,0,78,1.07529318,0,1
6,3,t1,30,3,0,81,1.01287127,0,2
6,3,t1,30,3,0,84,0.878343999,0,3
6,3,t1,30,3,0,79,0.611785293,0,4
6,3,t1,30,3,0,117,0.517089307,0,5
6,3,t1,30,3,0,113,0.000312587246,0,255
6,3,t1,30,4,0,119,2.04613256,1,0
6,3,t1,30,4,0,116,2.03051829,0,1
6,3,t1,30,4,0,110,1.41697741,0,2
6,3,t1,30,4,0,107,1.36026025,0,3
6,3,t1,30,4,0,115,1.25123322,0,4
6,3,t1,30,4,0,104,0.968425751,0,5
6,3,t1,30,4,0,105,0.00115624117,0,255
6,3,t1,30,5,0,117,1.23436558,1,0
6,3,t1,30,5,0,78,1.19390345,0,1
6,3,t1,30,5,0,81,1.13574886,0,2
6,3,t1,30,5,0,84,0.996289253,0,3
6,3,t1,30,5,0,79,0.694596887,0,4
6,3,t1,30,5,0,87,0.598962545,0,5
6,3,t1,30,5,0,97,0.00276185572,0,255
6,3,t1,31,0,0,116,0.864071071,1,0
6,3,t1,31,0,0,107,0.808039486,0,1
6,3,t1,31,0,0,125,0.800439,0,2
6,3,t1,31,0,0,110,0.746458352,0,3
6,3,t1,31,0,0,78,0.671495736,0,4
6,3,t1,31,0,0,81,0.604353011,0,5
6,3,t1,31,0,0,96,1.0026688e-05,0,255
6,3,t1,31,1,0,117,1.69967103,1,0
6,3,t1,31,1,0,111,1.64736509,0,1
6,3,t1,31,1,0,78,1.5779053,0,2
6,3,t1,31,1,0,81,1.53659594,0,3
6,3,t1,31,1,0,84,1.38950777,0,4
6,3,t1,31,1,0,120,1.23716831,0,5
6,3,t1,31,1,0,89,0.00834995508,0,255
6,3,t1,31,2,0,111,1.64736509,1,0
6,3,t1,31,2,0,119,1.59899223,0,1
6,3,t1,31,2,0,78,1.5779053,0,2
6,3,t1,31,2,0,81,1.53659594,0,3
6,3,t1,31,2,0,84,1.38950777,0,4
6,3,t1,31,2,0,114,1.23621225,0,5
6,3,t1,31,2,0,89,0.00834994949,0,255
6,3,t1,31,3,0,110,2.61611652,1,0
6,3,t1,31,3,0,107,1.80004513,0,1
6,3,t1,31,3,0,119,1.59899223,0,2
6,3,t1,31,3,0,125,1.09549177,0,3
6,3,t1,31,3,0,104,1.05379438,0,4
6,3,t1,31,3,0,122,1.00085604,0,5
6,3,t1,31,3,0,111,2.32830644e-10,0,255
6,3,t1,31,4,0,108,2.10858345,1,0
6,3,t1,31,4,0,78,1.83563173,0,1
6,3,t1,31,4,0,81,1.81477284,0,2
6,3,t1,31,4,0,102,1.69352591,0,3
6,3,t1,31,4,0,84,1.66702104,0,4
6,3,t1,31,4,0,119,1.59899223,0,5
6,3,t1,31,4,0,111,2.32830644e-10,0,255
6,3,t1,31,5,0,107,3.02419376,1,0
6,3,t1,31,5,0,119,1.59899223,0,1
6,3,t1,31,5,0,104,1.34676492,0,2
6,3,t1,31,5,0,125,1.09549177,0,3
6,3,t1,31,5,0,122,1.00085604,0,4
6,3,t1,31,5,0,78,0.942963362,0,5
6,3,t1,31,5,0,111,2.32830644e-10,0,255
6,3,t1,32,0,0,125,0.798755765,1,0
6,3,t1,32,0,0,116,0.774252594,0,1
6,3,t1,32,0,0,107,0.727153718,0,2
6,3,t1,32,0,0,78,0.72139287,0,3
6,3,t1,32,0,0,110,0.685287893,0,4
6,3,t1,32,0,0,81,0.654168606,0,5
6,3,t1,32,0,0,88,2.81785906e-05,0,255
6,3,t1,32,1,0,123,1.0802561,1,0
6,3,t1,32,1,0,78,1.04968786,0,1
6,3,t1,32,1,0,81,0.986071527,0,2
6,3,t1,32,1,0,84,0.853129625,0,3
6,3,t1,32,1,0,120,0.761912346,0,4
6,3,t1,32,1,0,79,0.596453846,0,5
6,3,t1,32,1,0,113,0.000911070965,0,255
6,3,t1,32,2,0,122,1.44480097,1,0
6,3,t1,32,2,0,116,1.22956634,0,1
6,3,t1,32,2,0,110,0.99162364,0,2
6,3,t1,32,2,0,107,0.990411341,0,3
6,3,t1,32,2,0,119,0.934713721,0,4
6,3,t1,32,2,0,115,0.75039196,0,5
6,3,t1,32,2,0,96,0.00104001677,0,255
6,3,t1,32,3,0,120,1.37011302,1,0
6,3,t1,32,3,0,78,1.11626673,0,1
6,3,t1,32,3,0,81,1.05476534,0,2
6,3,t1,32,3,0,84,0.918563306,0,3
6,3,t1,32,3,0,79,0.641819596,0,4
6,3,t1,32,3,0,87,0.542002201,0,5
6,3,t1,32,3,0,97,0.000603922643,0,255
6,3,t1,32,4,0,119,1.87893748,1,0
6,3,t1,32,4,0,116,1.86789882,0,1
6,3,t1,32,4,0,110,1.32722843,0,2
6,3,t1,32,4,0,107,1.24921715,0,3
6,3,t1,32,4,0,115,1.15051401,0,4
6,3,t1,32,4,0,104,0.879868925,0,5
6,3,t1,32,4,0,105,0.000423708931,0,255
6,3,t1,32,5,0,78,1.24019909,1,0
6,3,t1,32,5,0,81,1.18346381,0,1
6,3,t1,32,5,0,117,1.13584363,0,2
6,3,t1,32,5,0,84,1.04254591,0,3
6,3,t1,32,5,0,79,0.729204595,0,4
6,3,t1,32,5,0,87,0.63562274,0,5
6,3,t1,32,5,0,89,0.00188946724,0,255
6,3,t1,33,0,0,116,0.790293038,1,0
6,3,t1,33,0,0,107,0.782186449,0,1
6,3,t1,33,0,0,125,0.750755966,0,2
6,3,t1,33,0,0,110,0.722329199,0,3
6,3,t1,33,0,0,104,0.58981353,0,4
6,3,t1,33,0,0,78,0.576589942,0,5
6,3,t1,33,0,0,96,0.000423568505,0,255
6,3,t1,33,1,0,117,1.56861186,1,0
6,3,t1,33,1,0,111,1.46149623,0,1
6,3,t1,33,1,0,78,1.37956119,0,2
6,3,t1,33,1,0,81,1.35605812,0,3
6,3,t1,33,1,0,84,1.22807813,0,4
6,3,t1,33,1,0,114,1.12954521,0,5
6,3,t1,33,1,0,116,5.96046448e-08,0,255
6,3,t1,33,2,0,119,1.57791209,1,0
6,3,t1,33,2,0,111,1.46149623,0,1
6,3,t1,33,2,0,78,1.37956107,0,2
6,3,t1,33,2,0,81,1.35605812,0,3
6,3,t1,33,2,0,84,1.22807813,0,4
6,3,t1,33,2,0,114,1.12954521,0,5
6,3,t1,33,2,0,89,0.000248611672,0,255
6,3,t1,33,3,0,111,1.46149623,1,0
6,3,t1,33,3,0,78,1.37956107,0,1
6,3,t1,33,3,0,81,1.35605812,0,2
6,3,t1,33,3,0,120,1.31341064,0,3
6,3,t1,33,3,0,84,1.22807813,0,4
6,3,t1,33,3,0,114,1.12954521,0,5
6,3,t1,33,3,0,89,0.000248622149,0,255
6,3,t1,33,4,0,110,2.41218138,1,0
6,3,t1,33,4,0,107,1.68329132,0,1
6,3,t1,33,4,0,120,1.31341064,0,2
6,3,t1,33,4,0,104,1.00799799,0,3
6,3,t1,33,4,0,78,0.724761903,0,4
6,3,t1,33,4,0,81,0.67712754,0,5
6,3,t1,33,4,0,86,4.28369003e-06,0,255
6,3,t1,33,5,0,108,1.93642008,1,0
6,3,t1,33,5,0,102,1.65487683,0,1
6,3,t1,33,5,0,78,1.63031399,0,2
6,3,t1,33,5,0,81,1.62780416,0,3
6,3,t1,33,5,0,105,1.52340901,0,4
6,3,t1,33,5,0,84,1.49967515,0,5
6,3,t1,33,5,0,92,0.00057117641,0,255
6,3,t1,34,0,0,107,0.756036818,1,0
6,3,t1,34,0,0,125,0.733626485,0,1
6,3,t1,34,0,0,116,0.679988682,0,2
6,3,t1,34,0,0,110,0.641144395,0,3
6,3,t1,34,0,0,78,0.595855772,0,4
6,3,t1,34,0,0,104,0.567553341,0,5
6,3,t1,34,0,0,96,2.89163963e-05,0,255
6,3,t1,34,1,0,105,3.45033526,1,0
6,3,t1,34,1,0,102,2.79438972,0,1
6,3,t1,34,1,0,108,2.02872252,0,2
6,3,t1,34,1,0,81,1.99596596,0,3
6,3,t1,34,1,0,78,1.96519256,0,4
6,3,t1,34,1,0,84,1.87457085,0,5
6,3,t1,34,1,0,95,0.00585260242,0,255
6,3,t1,34,2,0,104,4.79516745,1,0
6,3,t1,34,2,0,108,2.02872252,0,1
6,3,t1,34,2,0,98,1.46281374,0,2
6,3,t1,34,2,0,95,1.29130208,0,3
6,3,t1,34,2,0,111,0.91878134,0,4
6,3,t1,34,2,0,101,0.879139125,0,5
6,3,t1,34,2,0,86,0.0137121631,0,255
6,3,t1,34,3,0,102,4.38907671,1,0
6,3,t1,34,3,0,99,2.29158711,0,1
6,3,t1,34,3,0,81,2.13947368,0,2
6,3,t1,34,3,0,78,2.08302212,0,3
6,3,t1,34,3,0,108,2.02872252,0,4
6,3,t1,34,3,0,84,2.02688885,0,5
6,3,t1,34,3,0,98,0.00314807892,0,255
6,3,t1,34,4,0,101,3.8757093,1,0
6,3,t1,34,4,0,98,3.77606177,0,1
6,3,t1,34,4,0,95,2.84752393,0,2
6,3,t1,34,4,0,108,2.02872252,0,3
6,3,t1,34,4,0,92,1.21987319,0,4
6,3,t1,34,4,0,97,1.17733157,0,5
6,3,t1,34,4,0,90,0.0032780543,0,255
6,3,t1,34,5,0,99,2.45688081,1,0
6,3,t1,34,5,0,108,2.02872252,0,1
6,3,t1,34,5,0,81,1.79699111,0,2
6,3,t1,34,5,0,78,1.74860835,0,3
6,3,t1,34,5,0,84,1.68251908,0,4
6,3,t1,34,5,0,87,1.11771762,0,5
6,3,t1,34,5,0,89,0.00450672209,0,255
6,3,t1,35,0,0,125,0.718935668,1,0
6,3,t1,35,0,0,107,0.594389498,0,1
6,3,t1,35,0,0,78,0.587270856,0,2
6,3,t1,35,0,0,116,0.573375702,0,3
6,3,t1,35,0,0,81,0.53580308,0,4
6,3,t1,35,0,0,110,0.510389388,0,5
6,3,t1,35,0,0,96,0.000213810141,0,255
6,3,t1,35,1,0,123,1.05956197,1,0
6,3,t1,35,1,0,78,0.870399356,0,1
6,3,t1,35,1,0,81,0.823076785,0,2
6,3,t1,35,1,0,120,0.812689006,0,3
6,3,t1,35,1,0,84,0.708592057,0,4
6,3,t1,35,1,0,79,0.463912845,0,5
6,3,t1,35,1,0,122,0.000831443816,0,255
6,3,t1,35,2,0,122,1.29029858,1,0
6,3,t1,35,2,0,116,0.994838595,0,1
6,3,t1,35,2,0,107,0.858091474,0,2
6,3,t1,35,2,0,110,0.800151765,0,3
6,3,t1,35,2,0,119,0.745696843,0,4
6,3,t1,35,2,0,104,0.650052667,0,5
6,3,t1,35,2,0,80,0.000230773934,0,255
6,3,t1,35,3,0,120,1.33443904,1,0
6,3,t1,35,3,0,78,0.90678817,0,1
6,3,t1,35,3,0,81,0.861028731,0,2
6,3,t1,35,3,0,84,0.74426955,0,3
6,3,t1,35,3,0,117,0.514083803,0,4
6,3,t1,35,3,0,79,0.485814631,0,5
6,3,t1,35,3,0,97,0.00251672417,0,255
6,3,t1,35,4,0,119,1.64410174,1,0
6,3,t1,35,4,0,116,1.6184485,0,1
6,3,t1,35,4,0,110,1.14008212,0,2
6,3,t1,35,4,0,107,1.13715184,0,3
6,3,t1,35,4,0,115,0.975583732,0,4
6,3,t1,35,4,0,104,0.838698983,0,5
6,3,t1,35,4,0,120,1.1920929e-07,0,255
6,3,t1,35,5,0,117,1.06904447,1,0
6,3,t1,35,5,0,78,0.979677737,0,1
6,3,t1,35,5,0,81,0.937268019,0,2
6,3,t1,35,5,0,84,0.816957772,0,3
6,3,t1,35,5,0,79,0.53276521,0,4
6,3,t1,35,5,0,102,0.491535395,0,5
6,3,t1,35,5,0,119,1.1920929e-07,0,255
6,3,t1,36,0,0,125,0.679168701,1,0
6,3,t1,36,0,0,107,0.628394842,0,1
6,3,t1,36,0,0,116,0.621357501,0,2
6,3,t1,36,0,0,78,0.574839234,0,3
6,3,t1,36,0,0,110,0.546008587,0,4
6,3,t1,36,0,0,81,0.523240209,0,5
6,3,t1,36,0,0,111,0.000645493972,0,255
6,3,t1,36,1,0,123,0.976914346,1,0
6,3,t1,36,1,0,78,0.846437514,0,1
6,3,t1,36,1,0,81,0.798522532,0,2
6,3,t1,36,1,0,120,0.728795469,0,3
6,3,t1,36,1,0,84,0.684814513,0,4
6,3,t1,36,1,0,79,0.445813119,0,5
6,3,t1,36,1,0,103,0.00104990602,0,255
6,3,t1,36,2,0,122,1.20577681,1,0
6,3,t1,36,2,0,116,1.03668272,0,1
6,3,t1,36,2,0,107,0.881815791,0,2
6,3,t1,36,2,0,110,0.826812267,0,3
6,3,t1,36,2,0,119,0.72060293,0,4
6,3,t1,36,2,0,104,0.667170227,0,5
6,3,t1,36,2,0,80,0.000121171412,0,255
6,3,t1,36,3,0,120,1.21842194,1,0
6,3,t1,36,3,0,78,0.885486245,0,1
6,3,t1,36,3,0,81,0.839105785,0,2
6,3,t1,36,3,0,84,0.722970903,0,3
6,3,t1,36,3,0,79,0.469711661,0,4
6,3,t1,36,3,0,117,0.468077272,0,5
6,3,t1,36,3,0,113,0.000744951889,0,255
6,3,t1,36,4,0,116,1.62736142,1,0
6,3,t1,36,4,0,119,1.51928687,0,1
6,3,t1,36,4,0,110,1.14092088,0,2
6,3,t1,36,4,0,107,1.13735747,0,3
6,3,t1,36,4,0,115,0.978454709,0,4
6,3,t1,36,4,0,104,0.837705314,0,5
6,3,t1,36,4,0,105,0.000327259884,0,255
6,3,t1,36,5,0,111,1.38132596,1,0
6,3,t1,36,5,0,78,1.27498317,0,1
6,3,t1,36,5,0,81,1.24667251,0,2
6,3,t1,36,5,0,84,1.11941874,0,3
6,3,t1,36,5,0,114,1.08213532,0,4
6,3,t1,36,5,0,102,0.920617223,0,5
6,3,t1,36,5,0,89,8.66800547e-05,0,255
6,3,t1,37,0,0,125,0.643039942,1,0
6,3,t1,37,0,0,107,0.632621467,0,1
6,3,t1,37,0,0,78,0.578486323,0,2
6,3,t1,37,0,0,110,0.550562024,0,3
6,3,t1,37,0,0,116,0.5486691,0,4
6,3,t1,37,0,0,81,0.526820838,0,5
6,3,t1,37,0,0,86,0.000653509633,0,255
6,3,t1,37,1,0,123,0.902040899,1,0
6,3,t1,37,1,0,78,0.842728198,0,1
6,3,t1,37,1,0,81,0.794689,0,2
6,3,t1,37,1,0,84,0.680970907,0,3
6,3,t1,37,1,0,120,0.655918002,0,4
6,3,t1,37,1,0,79,0.442591608,0,5
6,3,t1,37,1,0,113,0.000159060583,0,255
6,3,t1,37,2,0,122,1.1291641,1,0
6,3,t1,37,2,0,116,0.906745493,0,1
6,3,t1,37,2,0,107,0.870106161,0,2
6,3,t1,37,2,0,110,0.81448698,0,3
6,3,t1,37,2,0,119,0.713789403,0,4
6,3,t1,37,2,0,104,0.656514823,0,5
6,3,t1,37,2,0,117,5.80493361e-05,0,255
6,3,t1,37,3,0,120,1.11490107,1,0
6,3,t1,37,3,0,78,0.88451004,0,1
6,3,t1,37,3,0,81,0.838058352,0,2
6,3,t1,37,3,0,84,0.721821666,0,3
6,3,t1,37,3,0,117,0.496507436,0,4
6,3,t1,37,3,0,79,0.468573213,0,5
6,3,t1,37,3,0,103,0.00193448924,0,255
6,3,t1,37,4,0,119,1.43965304,1,0
6,3,t1,37,4,0,116,1.39004719,0,1
6,3,t1,37,4,0,107,1.0986191,0,2
6,3,t1,37,4,0,110,1.09662628,0,3
6,3,t1,37,4,0,115,0.824243069,0,4
6,3,t1,37,4,0,104,0.806926966,0,5
6,3,t1,37,4,0,80,4.8276037e-05,0,255
6,3,t1,37,5,0,117,1.06068385,1,0
6,3,t1,37,5,0,78,0.965336323,0,1
6,3,t1,37,5,0,81,0.922299564,0,2
6,3,t1,37,5,0,84,0.802217543,0,3
6,3,t1,37,5,0,79,0.521683097,0,4
6,3,t1,37,5,0,102,0.474087209,0,5
6,3,t1,37,5,0,97,0.00134648196,0,255
6,3,t1,38,0,0,107,0.662901521,1,0
6,3,t1,38,0,0,125,0.608316302,0,1
6,3,t1,38,0,0,116,0.589158773,0,2
6,3,t1,38,0,0,110,0.582675993,0,3
6,3,t1,38,0,0,78,0.56847614,0,4
6,3,t1,38,0,0,81,0.516706705,0,5
6,3,t1,38,0,0,111,9.88598913e-05,0,255
6,3,t1,38,1,0,105,3.15940452,1,0
6,3,t1,38,1,0,102,2.41969728,0,1
6,3,t1,38,1,0,108,2.05740309,0,2
6,3,t1,38,1,0,81,1.81541348,0,3
6,3,t1,38,1,0,78,1.79706526,0,4
6,3,t1,38,1,0,84,1.69073462,0,5
6,3,t1,38,1,0,107,1.1920929e-07,0,255
6,3,t1,38,2,0,104,4.35137272,1,0
6,3,t1,38,2,0,108,2.05740309,0,1
6,3,t1,38,2,0,98,1.65949225,0,2
6,3,t1,38,2,0,95,1.4498117,0,3
6,3,t1,38,2,0,101,0.922983289,0,4
6,3,t1,38,2,0,111,0.896768093,0,5
6,3,t1,38,2,0,107,1.1920929e-07,0,255
6,3,t1,38,3,0,102,3.8843379,1,0
6,3,t1,38,3,0,108,2.05740309,0,1
6,3,t1,38,3,0,81,1.96122885,0,2
6,3,t1,38,3,0,99,1.95552409,0,3
6,3,t1,38,3,0,78,1.91895819,0,4
6,3,t1,38,3,0,84,1.84367585,0,5
6,3,t1,38,3,0,107,1.1920929e-07,0,255
6,3,t1,38,4,0,98,3.84576035,1,0
6,3,t1,38,4,0,101,3.53420305,0,1
6,3,t1,38,4,0,95,2.892488,0,2
6,3,t1,38,4,0,108,2.05740309,0,3
6,3,t1,38,4,0,92,1.24114275,0,4
6,3,t1,38,4,0,97,1.20868731,0,5
6,3,t1,38,4,0,107,1.1920929e-07,0,255
6,3,t1,38,5,0,81,2.8581202,1,0
6,3,t1,38,5,0,84,2.81394863,0,1
6,3,t1,38,5,0,93,2.7295785,0,2
6,3,t1,38,5,0,78,2.67175555,0,3
6,3,t1,38,5,0,96,2.55403185,0,4
6,3,t1,38,5,0,87,2.15723753,0,5
6,3,t1,38,5,0,107,1.1920929e-07,0,255
6,3,t1,39,0,0,125,0.595087707,1,0
6,3,t1,39,0,0,107,0.519126296,0,1
6,3,t1,39,0,0,116,0.496247262,0,2
6,3,t1,39,0,0,78,0.467660129,0,3
6,3,t1,39,0,0,110,0.464723855,0,4
6,3,t1,39,0,0,95,0.437680066,0,5
6,3,t1,39,0,0,80,0.000220273971,0,255
6,3,t1,39,1,0,123,0.862036347,1,0
6,3,t1,39,1,0,78,0.697938383,0,1
6,3,t1,39,1,0,120,0.647960663,0,2
6,3,t1,39,1,0,81,0.647249758,0,3
6,3,t1,39,1,0,84,0.571551442,0,4
6,3,t1,39,1,0,117,0.367476165,0,5
6,3,t1,39,1,0,122,0.000738194212,0,255
6,3,t1,39,2,0,122,1.0350188,1,0
6,3,t1,39,2,0,116,0.841016591,0,1
6,3,t1,39,2,0,107,0.733824193,0,2
6,3,t1,39,2,0,110,0.707743526,0,3
6,3,t1,39,2,0,119,0.626864135,0,4
6,3,t1,39,2,0,104,0.562946916,0,5
6,3,t1,39,2,0,117,0.000615319237,0,255
6,3,t1,39,3,0,120,1.05806446,1,0
6,3,t1,39,3,0,78,0.726253331,0,1
6,3,t1,39,3,0,81,0.676323354,0,2
6,3,t1,39,3,0,84,0.599484265,0,3
6,3,t1,39,3,0,117,0.508507669,0,4
6,3,t1,39,3,0,79,0.352901429,0,5
6,3,t1,39,3,0,97,0.000418899581,0,255
6,3,t1,39,4,0,116,1.31293583,1,0
6,3,t1,39,4,0,119,1.30204213,0,1
6,3,t1,39,4,0,110,0.970588982,0,2
6,3,t1,39,4,0,107,0.942648351,0,3
6,3,t1,39,4,0,115,0.754659474,0,4
6,3,t1,39,4,0,104,0.704257429,0,5
6,3,t1,39,4,0,83,0.00345951435,0,255
6,3,t1,39,5,0,111,1.30621302,1,0
6,3,t1,39,5,0,114,1.03802264,0,1
6,3,t1,39,5,0,78,1.02550459,0,2
6,3,t1,39,5,0,81,0.986504018,0,3
6,3,t1,39,5,0,84,0.905769646,0,4
6,3,t1,39,5,0,112,0.818264425,0,5
6,3,t1,39,5,0,116,9.53674316e-07,0,255
6,3,t1,40,0,0,125,0.564556956,1,0
6,3,t1,40,0,0,107,0.525996387,0,1
6,3,t1,40,0,0,110,0.47228092,0,2
6,3,t1,40,0,0,78,0.468878746,0,3
6,3,t1,40,0,0,95,0.440704942,0,4
6,3,t1,40,0,0,116,0.437542886,0,5
6,3,t1,40,0,0,80,0.00021408149,0,255
6,3,t1,40,1,0,123,0.799211025,1,0
6,3,t1,40,1,0,78,0.692742229,0,1
6,3,t1,40,1,0,81,0.64192915,0,2
6,3,t1,40,1,0,120,0.588387728,0,3
6,3,t1,40,1,0,84,0.566256762,0,4
6,3,t1,40,1,0,117,0.384213567,0,5
6,3,t1,40,1,0,122,0.00119751319,0,255
6,3,t1,40,2,0,122,0.971629143,1,0
6,3,t1,40,2,0,116,0.736098886,0,1
6,3,t1,40,2,0,107,0.72884804,0,2
6,3,t1,40,2,0,110,0.70282042,0,3
6,3,t1,40,2,0,119,0.620815396,0,4
6,3,t1,40,2,0,104,0.557803512,0,5
6,3,t1,40,2,0,108,0.000459256349,0,255
6,3,t1,40,3,0,120,0.973050296,1,0
6,3,t1,40,3,0,78,0.722954631,0,1
6,3,t1,40,3,0,81,0.672913194,0,2
6,3,t1,40,3,0,84,0.596052885,0,3
6,3,t1,40,3,0,117,0.535852909,0,4
6,3,t1,40,3,0,79,0.350212485,0,5
6,3,t1,40,3,0,97,0.000653104857,0,255
6,3,t1,40,4,0,119,1.23912978,1,0
6,3,t1,40,4,0,116,1.12543511,0,1
6,3,t1,40,4,0,110,0.942523181,0,2
6,3,t1,40,4,0,107,0.918179333,0,3
6,3,t1,40,4,0,104,0.684401453,0,4
6,3,t1,40,4,0,95,0.639556944,0,5
6,3,t1,40,4,0,117,8.13471197e-05,0,255
6,3,t1,40,5,0,117,1.07991052,1,0
6,3,t1,40,5,0,78,0.786159456,0,1
6,3,t1,40,5,0,81,0.738007545,0,2
6,3,t1,40,5,0,84,0.659389198,0,3
6,3,t1,40,5,0,102,0.424309582,0,4
6,3,t1,40,5,0,79,0.38930276,0,5
6,3,t1,40,5,0,115,0.00205623917,0,255
6,3,t1,41,0,0,107,0.553925216,1,0
6,3,t1,41,0,0,125,0.535147786,0,1
6,3,t1,41,0,0,110,0.502547026,0,2
6,3,t1,41,0,0,116,0.473965257,0,3
6,3,t1,41,0,0,78,0.459318608,0,4
6,3,t1,41,0,0,95,0.457588047,0,5
6,3,t1,41,0,0,96,0.000168193597,0,255
6,3,t1,41,1,0,105,2.90854669,1,0
6,3,t1,41,1,0,102,2.11965942,0,1
6,3,t1,41,1,0,108,2.1050241,0,2
6,3,t1,41,1,0,78,1.46612132,0,3
6,3,t1,41,1,0,81,1.46160567,0,4
6,3,t1,41,1,0,106,1.42967641,0,5
6,3,t1,41,1,0,89,0.000501938164,0,255
6,3,t1,41,2,0,104,3.94552755,1,0
6,3,t1,41,2,0,108,2.1050241,0,1
6,3,t1,41,2,0,98,1.47497559,0,2
6,3,t1,41,2,0,95,1.37831712,0,3
6,3,t1,41,2,0,101,0.974802434,0,4
6,3,t1,41,2,0,111,0.898851275,0,5
6,3,t1,41,2,0,83,0.000854052021,0,255
6,3,t1,41,3,0,102,3.46359801,1,0
6,3,t1,41,3,0,108,2.1050241,0,1
6,3,t1,41,3,0,99,1.94620144,0,2
6,3,t1,41,3,0,81,1.58728921,0,3
6,3,t1,41,3,0,78,1.57322752,0,4
6,3,t1,41,3,0,84,1.52475715,0,5
6,3,t1,41,3,0,118,0.020134449,0,255
6,3,t1,41,4,0,101,3.30342817,1,0
6,3,t1,41,4,0,98,3.20104289,0,1
6,3,t1,41,4,0,95,2.57588458,0,2
6,3,t1,41,4,0,108,2.1050241,0,3
6,3,t1,41,4,0,92,1.19094527,0,4
6,3,t1,41,4,0,97,0.931904495,0,5
6,3,t1,41,4,0,93,0.000610115007,0,255
6,3,t1,41,5,0,99,2.42719483,1,0
6,3,t1,41,5,0,108,2.1050241,0,1
6,3,t1,41,5,0,81,1.41812766,0,2
6,3,t1,41,5,0,78,1.40299094,0,3
6,3,t1,41,5,0,84,1.35711384,0,4
6,3,t1,41,5,0,93,0.960908473,0,5
6,3,t1,41,5,0,118,0.020134449,0,255
6,3,t1,42,0,0,125,0.524324477,1,0
6,3,t1,42,0,0,95,0.465549827,0,1
6,3,t1,42,0,0,78,0.456698418,0,2
6,3,t1,42,0,0,107,0.434786886,0,3
6,3,t1,42,0,0,98,0.417113543,0,4
6,3,t1,42,0,0,81,0.404998124,0,5
6,3,t1,42,0,0,114,5.67813404e-05,0,255
6,3,t1,42,1,0,123,0.76520896,1,0
6,3,t1,42,1,0,78,0.669304967,0,1
6,3,t1,42,1,0,81,0.618165374,0,2
6,3,t1,42,1,0,120,0.582942724,0,3
6,3,t1,42,1,0,84,0.542965472,0,4
6,3,t1,42,1,0,117,0.403912574,0,5
6,3,t1,42,1,0,122,0.000152325258,0,255
6,3,t1,42,2,0,122,0.893877864,1,0
6,3,t1,42,2,0,116,0.688607097,0,1
6,3,t1,42,2,0,107,0.61924088,0,2
6,3,t1,42,2,0,110,0.61753577,0,3
6,3,t1,42,2,0,95,0.586420894,0,4
6,3,t1,42,2,0,119,0.547458112,0,5
6,3,t1,42,2,0,111,0.00070797099,0,255
6,3,t1,42,3,0,120,0.92600131,1,0
6,3,t1,42,3,0,78,0.691678464,0,1
6,3,t1,42,3,0,81,0.641109347,0,2
6,3,t1,42,3,0,84,0.564844787,0,3
6,3,t1,42,3,0,117,0.542192042,0,4
6,3,t1,42,3,0,79,0.327502906,0,5
6,3,t1,42,3,0,88,0.00233351812,0,255
6,3,t1,42,4,0,119,1.12616873,1,0
6,3,t1,42,4,0,116,1.07304585,0,1
6,3,t1,42,4,0,110,0.843654275,0,2
6,3,t1,42,4,0,107,0.794132531,0,3
6,3,t1,42,4,0,95,0.680540562,0,4
6,3,t1,42,4,0,98,0.636989653,0,5
6,3,t1,42,4,0,108,0.000136890652,0,255
6,3,t1,42,5,0,117,1.02774382,1,0
6,3,t1,42,5,0,78,0.741214514,0,1
6,3,t1,42,5,0,81,0.69204706,0,2
6,3,t1,42,5,0,84,0.614114881,0,3
6,3,t1,42,5,0,111,0.390771866,0,4
6,3,t1,42,5,0,102,0.378662974,0,5
6,3,t1,42,5,0,97,0.0015383698,0,255
6,3,t1,43,0,0,125,0.497579932,1,0
6,3,t1,43,0,0,95,0.483178586,0,1
6,3,t1,43,0,0,107,0.459937215,0,2
6,3,t1,43,0,0,78,0.447088927,0,3
6,3,t1,43,0,0,98,0.434829772,0,4
6,3,t1,43,0,0,116,0.43406859,0,5
6,3,t1,43,0,0,114,0.000846306561,0,255
6,3,t1,43,1,0,123,0.713139713,1,0
6,3,t1,43,1,0,78,0.651594102,0,1
6,3,t1,43,1,0,81,0.600199938,0,2
6,3,t1,43,1,0,120,0.534610868,0,3
6,3,t1,43,1,0,84,0.525405049,0,4
6,3,t1,43,1,0,117,0.368081838,0,5
6,3,t1,43,1,0,122,0.000398179516,0,255
6,3,t1,43,2,0,122,0.840081394,1,0
6,3,t1,43,2,0,116,0.722968817,0,1
6,3,t1,43,2,0,110,0.641403973,0,2
6,3,t1,43,2,0,107,0.639461458,0,3
6,3,t1,43,2,0,95,0.598924696,0,4
6,3,t1,43,2,0,98,0.552344382,0,5
6,3,t1,43,2,0,111,0.000218153,0,255
6,3,t1,43,3,0,120,0.856694341,1,0
6,3,t1,43,3,0,78,0.674917102,0,1
6,3,t1,43,3,0,81,0.62404567,0,2
6,3,t1,43,3,0,84,0.548125446,0,3
6,3,t1,43,3,0,117,0.499928325,0,4
6,3,t1,43,3,0,79,0.315573782,0,5
6,3,t1,43,3,0,88,0.00115142204,0,255
6,3,t1,43,4,0,116,1.09668946,1,0
6,3,t1,43,4,0,119,1.04908609,0,1
6,3,t1,43,4,0,110,0.856447577,0,2
6,3,t1,43,4,0,107,0.804082453,0,3
6,3,t1,43,4,0,95,0.685612142,0,4
6,3,t1,43,4,0,98,0.642305672,0,5
6,3,t1,43,4,0,117,4.55209229e-05,0,255
6,3,t1,43,5,0,111,1.23129153,1,0
6,3,t1,43,5,0,114,0.993164062,0,1
6,3,t1,43,5,0,78,0.942576885,0,2
6,3,t1,43,5,0,81,0.900387228,0,3
6,3,t1,43,5,0,84,0.81962496,0,4
6,3,t1,43,5,0,112,0.765480995,0,5
6,3,t1,43,5,0,97,0.00712508336,0,255
6,3,t1,44,0,0,95,0.48661679,1,0
6,3,t1,44,0,0,125,0.473204613,0,1
6,3,t1,44,0,0,107,0.466149569,0,2
6,3,t1,44,0,0,78,0.448013902,0,3
6,3,t1,44,0,0,110,0.438530922,0,4
6,3,t1,44,0,0,98,0.438315302,0,5
6,3,t1,44,0,0,114,0.000110784546,0,255
6,3,t1,44,1,0,93,4.35837078,1,0
6,3,t1,44,1,0,96,3.58182693,0,1
6,3,t1,44,1,0,99,3.07948041,0,2
6,3,t1,44,1,0,84,2.95604658,0,3
6,3,t1,44,1,0,81,2.86242247,0,4
6,3,t1,44,1,0,78,2.63209414,0,5
6,3,t1,44,1,0,119,0.0319610238,0,255
6,3,t1,44,2,0,92,4.66729784,1,0
6,3,t1,44,2,0,96,3.58182693,0,1
6,3,t1,44,2,0,99,3.07948041,0,2
6,3,t1,44,2,0,102,2.22808957,0,3
6,3,t1,44,2,0,89,2.09107661,0,4
6,3,t1,44,2,0,105,1.05808902,0,5
6,3,t1,44,2,0,85,0.000110632041,0,255
6,3,t1,44,3,0,96,3.58182693,1,0
6,3,t1,44,3,0,84,3.08474636,0,1
6,3,t1,44,3,0,99,3.07948041,0,2
6,3,t1,44,3,0,81,2.89131236,0,3
6,3,t1,44,3,0,90,2.72826004,0,4
6,3,t1,44,3,0,87,2.59055233,0,5
6,3,t1,44,3,0,89,0.00114068389,0,255
6,3,t1,44,4,0,84,3.08474636,1,0
6,3,t1,44,4,0,81,2.89131236,0,1
6,3,t1,44,4,0,98,2.88092422,0,2
6,3,t1,44,4,0,90,2.72826004,0,3
6,3,t1,44,4,0,87,2.59055233,0,4
6,3,t1,44,4,0,78,2.57010365,0,5
6,3,t1,44,4,0,114,0.000121915713,0,255
6,3,t1,44,5,0,98,2.88092422,1,0
6,3,t1,44,5,0,83,2.35774779,0,1
6,3,t1,44,5,0,80,2.10489488,0,2
6,3,t1,44,5,0,104,0.914373219,0,3
6,3,t1,44,5,0,107,0.902908385,0,4
6,3,t1,44,5,0,89,0.886851311,0,5
6,3,t1,44,5,0,84,3.57627869e-06,0,255
6,3,t1,45,0,0,125,0.464005202,1,0
6,3,t1,45,0,0,78,0.387926668,0,1
6,3,t1,45,0,0,107,0.379484475,0,2
6,3,t1,45,0,0,95,0.37736991,0,3
6,3,t1,45,0,0,110,0.365059286,0,4
6,3,t1,45,0,0,81,0.33701551,0,5
6,3,t1,45,0,0,100,9.96792223e-05,0,255
6,3,t1,45,1,0,123,0.682947278,1,0
6,3,t1,45,1,0,78,0.572824359,0,1
6,3,t1,45,1,0,120,0.52611351,0,2
6,3,t1,45,1,0,81,0.520808935,0,3
6,3,t1,45,1,0,84,0.44843033,0,4
6,3,t1,45,1,0,117,0.433499902,0,5
6,3,t1,45,1,0,86,0.00052241236,0,255
6,3,t1,45,2,0,122,0.776488006,1,0
6,3,t1,45,2,0,116,0.572457671,0,1
6,3,t1,45,2,0,110,0.557019591,0,2
6,3,t1,45,2,0,107,0.540964127,0,3
6,3,t1,45,2,0,119,0.482593656,0,4
6,3,t1,45,2,0,95,0.478388458,0,5
6,3,t1,45,2,0,96,4.39978903e-05,0,255
6,3,t1,45,3,0,120,0.815788925,1,0
6,3,t1,45,3,0,78,0.588869929,0,1
6,3,t1,45,3,0,117,0.569135249,0,2
6,3,t1,45,3,0,81,0.537050724,0,3
6,3,t1,45,3,0,84,0.463573813,0,4
6,3,t1,45,3,0,102,0.382360816,0,5
6,3,t1,45,3,0,86,0.000569567084,0,255
6,3,t1,45,4,0,119,0.980094194,1,0
6,3,t1,45,4,0,116,0.888301253,0,1
6,3,t1,45,4,0,110,0.755578339,0,2
6,3,t1,45,4,0,107,0.690569282,0,3
6,3,t1,45,4,0,95,0.555054307,0,4
6,3,t1,45,4,0,98,0.500640512,0,5
6,3,t1,45,4,0,83,3.3553406e-05,0,255
6,3,t1,45,5,0,117,1.0366739,1,0
6,3,t1,45,5,0,78,0.628970742,0,1
6,3,t1,45,5,0,81,0.577804565,0,2
6,3,t1,45,5,0,84,0.502403796,0,3
6,3,t1,45,5,0,102,0.449097455,0,4
6,3,t1,45,5,0,111,0.403602302,0,5
6,3,t1,45,5,0,86,0.00162122212,0,255
6,3,t1,46,0,0,125,0.441331178,1,0
6,3,t1,46,0,0,107,0.403297991,0,1
6,3,t1,46,0,0,95,0.393373817,0,2
6,3,t1,46,0,0,110,0.391998142,0,3
6,3,t1,46,0,0,78,0.378665984,0,4
6,3,t1,46,0,0,116,0.359556407,0,5
6,3,t1,46,0,0,114,0.000212547602,0,255
6,3,t1,46,1,0,123,0.638436675,1,0
6,3,t1,46,1,0,78,0.556463361,0,1
6,3,t1,46,1,0,81,0.504328251,0,2
6,3,t1,46,1,0,120,0.485435605,0,3
6,3,t1,46,1,0,84,0.432471871,0,4
6,3,t1,46,1,0,117,0.396652311,0,5
6,3,t1,46,1,0,122,1.73263252e-05,0,255
6,3,t1,46,2,0,122,0.731688261,1,0
6,3,t1,46,2,0,116,0.605741322,0,1
6,3,t1,46,2,0,110,0.58161968,0,2
6,3,t1,46,2,0,107,0.56140542,0,3
6,3,t1,46,2,0,95,0.490648717,0,4
6,3,t1,46,2,0,119,0.46381247,0,5
6,3,t1,46,2,0,83,0.000168201048,0,255
6,3,t1,46,3,0,120,0.757645071,1,0
6,3,t1,46,3,0,78,0.573221684,0,1
6,3,t1,46,3,0,117,0.525394917,0,2
6,3,t1,46,3,0,81,0.521237314,0,3
6,3,t1,46,3,0,84,0.44823119,0,4
6,3,t1,46,3,0,102,0.361851603,0,5
6,3,t1,46,3,0,88,5.99399209e-05,0,255
6,3,t1,46,4,0,116,0.916102946,1,0
6,3,t1,46,4,0,119,0.915904582,0,1
6,3,t1,46,4,0,110,0.772548497,0,2
6,3,t1,46,4,0,107,0.703714073,0,3
6,3,t1,46,4,0,95,0.56197089,0,4
6,3,t1,46,4,0,98,0.507689178,0,5
6,3,t1,46,4,0,111,5.00078895e-05,0,255
6,3,t1,46,5,0,111,1.15685749,1,0
6,3,t1,46,5,0,114,0.949978828,0,1
6,3,t1,46,5,0,78,0.788046181,0,2
6,3,t1,46,5,0,117,0.771686852,0,3
6,3,t1,46,5,0,81,0.740917861,0,4
6,3,t1,46,5,0,102,0.732046306,0,5
6,3,t1,46,5,0,97,0.0125861429,0,255
6,3,t1,47,0,0,125,0.420600235,1,0
6,3,t1,47,0,0,107,0.410822332,0,1
6,3,t1,47,0,0,110,0.400863409,0,2
6,3,t1,47,0,0,95,0.397659391,0,3
6,3,t1,47,0,0,78,0.378291547,0,4
6,3,t1,47,0,0,98,0.343449861,0,5
6,3,t1,47,0,0,112,0.000190643128,0,255
6,3,t1,47,1,0,123,0.597381175,1,0
6,3,t1,47,1,0,78,0.551288068,0,1
6,3,t1,47,1,0,81,0.499084473,0,2
6,3,t1,47,1,0,120,0.448871523,0,3
6,3,t1,47,1,0,84,0.427335769,0,4
6,3,t1,47,1,0,117,0.41566661,0,5
6,3,t1,47,1,0,122,0.000165289268,0,255
6,3,t1,47,2,0,122,0.690831602,1,0
6,3,t1,47,2,0,110,0.583503306,0,1
6,3,t1,47,2,0,107,0.562306225,0,2
6,3,t1,47,2,0,116,0.529929578,0,3
6,3,t1,47,2,0,95,0.489937484,0,4
6,3,t1,47,2,0,119,0.456947744,0,5
6,3,t1,47,2,0,96,0.000148489606,0,255
6,3,t1,47,3,0,120,0.704624653,1,0
6,3,t1,47,3,0,78,0.568867445,0,1
6,3,t1,47,3,0,117,0.552096367,0,2
6,3,t1,47,3,0,81,0.516804874,0,3
6,3,t1,47,3,0,84,0.443874955,0,4
6,3,t1,47,3,0,102,0.356379211,0,5
6,3,t1,47,3,0,80,0.00102445111,0,255
6,3,t1,47,4,0,119,0.876157343,1,0
6,3,t1,47,4,0,116,0.790352464,0,1
6,3,t1,47,4,0,110,0.762726605,0,2
6,3,t1,47,4,0,107,0.694879055,0,3
6,3,t1,47,4,0,95,0.555336356,0,4
6,3,t1,47,4,0,98,0.50101161,0,5
6,3,t1,47,4,0,83,8.62631714e-06,0,255
6,3,t1,47,5,0,117,1.01195586,1,0
6,3,t1,47,5,0,78,0.611331761,0,1
6,3,t1,47,5,0,81,0.55983007,0,2
6,3,t1,47,5,0,84,0.484837055,0,3
6,3,t1,47,5,0,102,0.424071729,0,4
6,3,t1,47,5,0,111,0.367363334,0,5
6,3,t1,47,5,0,86,0.000545432791,0,255
6,3,t1,48,0,0,107,0.433612823,1,0
6,3,t1,48,0,0,110,0.426990122,0,1
6,3,t1,48,0,0,95,0.412626982,0,2
6,3,t1,48,0,0,125,0.40053609,0,3
6,3,t1,48,0,0,78,0.370079309,0,4
6,3,t1,48,0,0,98,0.35819748,0,5
6,3,t1,48,0,0,114,8.13463703e-05,0,255
6,3,t1,48,1,0,105,2.74442673,1,0
6,3,t1,48,1,0,108,2.14166522,0,1
6,3,t1,48,1,0,102,1.98147631,0,2
6,3,t1,48,1,0,106,1.34560609,0,3
6,3,t1,48,1,0,99,1.33433151,0,4
6,3,t1,48,1,0,78,1.15171742,0,5
6,3,t1,48,1,0,107,5.96046448e-08,0,255
6,3,t1,48,2,0,104,3.52932143,1,0
6,3,t1,48,2,0,108,2.14166522,0,1
6,3,t1,48,2,0,98,1.49034023,0,2
6,3,t1,48,2,0,95,1.40615892,0,3
6,3,t1,48,2,0,101,0.899757981,0,4
6,3,t1,48,2,0,109,0.896925688,0,5
6,3,t1,48,2,0,107,5.96046448e-08,0,255
6,3,t1,48,3,0,102,3.1808424,1,0
6,3,t1,48,3,0,108,2.14166522,0,1
6,3,t1,48,3,0,99,1.79518414,0,2
6,3,t1,48,3,0,78,1.21776927,0,3
6,3,t1,48,3,0,81,1.20518839,0,4
6,3,t1,48,3,0,84,1.13083851,0,5
6,3,t1,48,3,0,107,5.96046448e-08,0,255
6,3,t1,48,4,0,98,3.13865185,1,0
6,3,t1,48,4,0,101,2.96000981,0,1
6,3,t1,48,4,0,95,2.55537295,0,2
6,3,t1,48,4,0,108,2.14166522,0,3
6,3,t1,48,4,0,92,1.24589777,0,4
6,3,t1,48,4,0,89,0.994752109,0,5
6,3,t1,48,4,0,107,5.96046448e-08,0,255
6,3,t1,48,5,0,99,2.26044631,1,0
6,3,t1,48,5,0,96,2.23662257,0,1
6,3,t1,48,5,0,93,2.18456936,0,2
6,3,t1,48,5,0,108,2.14166522,0,3
6,3,t1,48,5,0,81,1.86573994,0,4
6,3,t1,48,5,0,84,1.8441323,0,5
6,3,t1,48,5,0,107,5.96046448e-08,0,255
6,3,t1,49,0,0,78,0.415651649,1,0
6,3,t1,49,0,0,125,0.388655543,0,1
6,3,t1,49,0,0,81,0.364160269,0,2
6,3,t1,49,0,0,95,0.353173524,0,3
6,3,t1,49,0,0,110,0.338207394,0,4
6,3,t1,49,0,0,107,0.330614448,0,5
6,3,t1,49,0,0,91,0.000232515391,0,255
6,3,t1,49,1,0,80,3.24311399,1,0
6,3,t1,49,1,0,89,2.37118864,0,1
6,3,t1,49,1,0,95,2.14888239,0,2
6,3,t1,49,1,0,92,1.9367913,0,3
6,3,t1,49,1,0,98,1.67703056,0,4
6,3,t1,49,1,0,77,1.58937919,0,5
6,3,t1,49,1,0,99,0.00343164802,0,255
6,3,t1,49,2,0,81,5.10582209,1,0
6,3,t1,49,2,0,84,2.39961934,0,1
6,3,t1,49,2,0,77,1.58937931,0,2
6,3,t1,49,2,0,82,0.933374047,0,3
6,3,t1,49,2,0,87,0.818701208,0,4
6,3,t1,49,2,0,95,0.642167985,0,5
6,3,t1,49,2,0,80,3.43425199e-09,0,255
6,3,t1,49,3,0,89,2.90791965,1,0
6,3,t1,49,3,0,95,2.37027955,0,1
6,3,t1,49,3,0,92,2.23606515,0,2
6,3,t1,49,3,0,86,2.02038693,0,3
6,3,t1,49,3,0,83,1.86362517,0,4
6,3,t1,49,3,0,98,1.80734599,0,5
6,3,t1,49,3,0,99,0.002712816,0,255
6,3,t1,49,4,0,90,3.42814231,1,0
6,3,t1,49,4,0,93,2.07058382,0,1
6,3,t1,49,4,0,77,1.58937931,0,2
6,3,t1,49,4,0,91,0.962173283,0,3
6,3,t1,49,4,0,99,0.937087715,0,4
6,3,t1,49,4,0,102,0.86465472,0,5
6,3,t1,49,4,0,89,3.7252903e-08,0,255
6,3,t1,49,5,0,92,2.69014549,1,0
6,3,t1,49,5,0,95,2.27666855,0,1
6,3,t1,49,5,0,77,1.58937931,0,2
6,3,t1,49,5,0,98,1.49903691,0,3
6,3,t1,49,5,0,87,0.796455324,0,4
6,3,t1,49,5,0,107,0.793543577,0,5
6,3,t1,49,5,0,112,0.00496211275,0,255
